"tanggal,water_level"
"2019-10-18,100"
"2019-10-18,100"
"2019-10-18,120"
"2019-10-18,120"
"2019-10-18,110"
"2019-10-18,110"
"2019-10-18,110"
"2019-10-18,110"
"2019-10-18,110"
"2019-10-18,130"
"2019-10-18,130"
"2019-10-18,120"
"2019-10-18,130"
"2019-10-19,120"
"2019-10-19,110"
"2019-10-19,110"
"2019-10-19,130"
"2019-10-19,120"
"2019-10-19,130"
"2019-10-19,120"
"2019-10-19,120"
"2019-10-19,120"
"2019-10-19,120"
"2019-10-19,220"
"2019-10-19,210"
"2019-10-19,230"
"2019-10-19,240"
"2019-10-19,210"
"2019-10-19,200"
"2019-10-19,120"
"2019-10-19,170"
"2019-10-19,170"
"2019-10-19,140"
"2019-10-19,190"
"2019-10-19,200"
"2019-10-19,190"
"2019-10-19,190"
"2019-10-19,190"
"2019-10-19,190"
"2019-10-19,180"
"2019-10-19,180"
"2019-10-19,170"
"2019-10-19,150"
"2019-10-19,150"
"2019-10-19,140"
"2019-10-19,130"
"2019-10-19,140"
"2019-10-19,150"
"2019-10-19,140"
"2019-10-19,150"
"2019-10-19,140"
"2019-10-19,140"
"2019-10-19,150"
"2019-10-19,150"
"2019-10-19,140"
"2019-10-19,140"
"2019-10-19,150"
"2019-10-19,140"
"2019-10-19,150"
"2019-10-20,150"
"2019-10-20,140"
"2019-10-20,150"
"2019-10-20,140"
"2019-10-20,150"
"2019-10-20,150"
"2019-10-20,150"
"2019-10-20,150"
"2019-10-20,150"
"2019-10-20,150"
"2019-10-20,140"
"2019-10-20,140"
"2019-10-20,150"
"2019-10-20,150"
"2019-10-20,150"
"2019-10-20,150"
"2019-10-20,120"
"2019-10-20,110"
"2019-10-20,120"
"2019-10-20,110"
"2019-10-20,130"
"2019-10-20,170"
"2019-10-20,130"
"2019-10-20,110"
"2019-10-20,240"
"2019-10-20,180"
"2019-10-20,190"
"2019-10-20,180"
"2019-10-20,180"
"2019-10-20,190"
"2019-10-20,190"
"2019-10-20,170"
"2019-10-20,180"
"2019-10-20,180"
"2019-10-20,180"
"2019-10-20,160"
"2019-10-20,180"
"2019-10-20,170"
"2019-10-20,140"
"2019-10-20,120"
"2019-10-20,110"
"2019-10-20,110"
"2019-10-20,130"
"2019-10-20,140"
"2019-10-20,130"
"2019-10-20,130"
"2019-10-20,140"
"2019-10-20,150"
"2019-10-21,140"
"2019-10-21,140"
"2019-10-21,150"
"2019-10-21,140"
"2019-10-21,140"
"2019-10-21,140"
"2019-10-21,150"
"2019-10-21,160"
"2019-10-21,150"
"2019-10-21,140"
"2019-10-21,150"
"2019-10-21,160"
"2019-10-21,150"
"2019-10-21,150"
"2019-10-21,160"
"2019-10-21,150"
"2019-10-21,150"
"2019-10-21,170"
"2019-10-21,150"
"2019-10-21,160"
"2019-10-21,140"
"2019-10-21,160"
"2019-10-21,150"
"2019-10-21,140"
"2019-10-21,160"
"2019-10-21,120"
"2019-10-21,90"
"2019-10-21,220"
"2019-10-21,200"
"2019-10-21,220"
"2019-10-21,230"
"2019-10-21,210"
"2019-10-21,160"
"2019-10-21,120"
"2019-10-21,120"
"2019-10-21,140"
"2019-10-21,120"
"2019-10-21,90"
"2019-10-21,200"
"2019-10-21,230"
"2019-10-21,140"
"2019-10-21,120"
"2019-10-21,120"
"2019-10-21,120"
"2019-10-21,110"
"2019-10-21,120"
"2019-10-21,150"
"2019-10-21,110"
"2019-10-22,140"
"2019-10-22,160"
"2019-10-22,160"
"2019-10-22,140"
"2019-10-22,140"
"2019-10-22,130"
"2019-10-22,130"
"2019-10-22,140"
"2019-10-22,160"
"2019-10-22,180"
"2019-10-22,170"
"2019-10-22,170"
"2019-10-22,200"
"2019-10-22,200"
"2019-10-22,210"
"2019-10-22,210"
"2019-10-22,140"
"2019-10-22,150"
"2019-10-22,160"
"2019-10-22,150"
"2019-10-22,150"
"2019-10-22,130"
"2019-10-22,140"
"2019-10-22,150"
"2019-10-22,140"
"2019-10-22,130"
"2019-10-22,150"
"2019-10-22,150"
"2019-10-22,150"
"2019-10-22,150"
"2019-10-22,150"
"2019-10-22,120"
"2019-10-22,120"
"2019-10-22,190"
"2019-10-22,120"
"2019-10-22,180"
"2019-10-22,290"
"2019-10-22,220"
"2019-10-22,200"
"2019-10-22,210"
"2019-10-22,200"
"2019-10-22,180"
"2019-10-22,170"
"2019-10-22,190"
"2019-10-22,180"
"2019-10-22,190"
"2019-10-22,210"
"2019-10-22,190"
"2019-10-23,170"
"2019-10-23,170"
"2019-10-23,170"
"2019-10-23,190"
"2019-10-23,140"
"2019-10-23,150"
"2019-10-23,150"
"2019-10-23,150"
"2019-10-23,150"
"2019-10-23,140"
"2019-10-23,160"
"2019-10-23,160"
"2019-10-23,180"
"2019-10-23,180"
"2019-10-23,170"
"2019-10-23,190"
"2019-10-23,160"
"2019-10-23,170"
"2019-10-23,160"
"2019-10-23,180"
"2019-10-23,160"
"2019-10-23,160"
"2019-10-23,160"
"2019-10-23,170"
"2019-10-23,150"
"2019-10-23,160"
"2019-10-23,180"
"2019-10-23,170"
"2019-10-23,170"
"2019-10-23,170"
"2019-10-23,150"
"2019-10-23,150"
"2019-10-23,170"
"2019-10-23,150"
"2019-10-23,150"
"2019-10-23,130"
"2019-10-23,120"
"2019-10-23,170"
"2019-10-23,160"
"2019-10-23,160"
"2019-10-23,130"
"2019-10-23,210"
"2019-10-23,160"
"2019-10-23,140"
"2019-10-23,150"
"2019-10-23,150"
"2019-10-23,140"
"2019-10-24,150"
"2019-10-24,140"
"2019-10-24,150"
"2019-10-24,130"
"2019-10-24,130"
"2019-10-24,120"
"2019-10-24,130"
"2019-10-24,120"
"2019-10-24,130"
"2019-10-24,140"
"2019-10-24,120"
"2019-10-24,140"
"2019-10-24,150"
"2019-10-24,140"
"2019-10-24,150"
"2019-10-24,160"
"2019-10-24,200"
"2019-10-24,220"
"2019-10-24,160"
"2019-10-24,140"
"2019-10-24,190"
"2019-10-24,170"
"2019-10-24,170"
"2019-10-24,160"
"2019-10-24,160"
"2019-10-24,180"
"2019-10-24,130"
"2019-10-24,140"
"2019-10-24,120"
"2019-10-24,130"
"2019-10-24,120"
"2019-10-24,120"
"2019-10-24,110"
"2019-10-24,100"
"2019-10-24,90"
"2019-10-24,100"
"2019-10-24,110"
"2019-10-24,100"
"2019-10-24,110"
"2019-10-24,100"
"2019-10-24,120"
"2019-10-24,140"
"2019-10-24,130"
"2019-10-24,140"
"2019-10-24,140"
"2019-10-24,130"
"2019-10-24,130"
"2019-10-24,140"
"2019-10-25,130"
"2019-10-25,130"
"2019-10-25,150"
"2019-10-25,160"
"2019-10-25,140"
"2019-10-25,150"
"2019-10-25,150"
"2019-10-25,140"
"2019-10-25,140"
"2019-10-25,150"
"2019-10-25,140"
"2019-10-25,150"
"2019-10-25,150"
"2019-10-25,140"
"2019-10-25,140"
"2019-10-25,150"
"2019-10-25,140"
"2019-10-25,150"
"2019-10-25,150"
"2019-10-25,160"
"2019-10-25,130"
"2019-10-25,140"
"2019-10-25,130"
"2019-10-25,150"
"2019-10-25,150"
"2019-10-25,140"
"2019-10-25,130"
"2019-10-25,150"
"2019-10-25,180"
"2019-10-25,150"
"2019-10-25,140"
"2019-10-25,1000"
"2019-10-25,140"
"2019-10-26,130"
"2019-10-26,140"
"2019-10-26,130"
"2019-10-26,120"
"2019-10-26,140"
"2019-10-26,160"
"2019-10-26,130"
"2019-10-26,130"
"2019-10-26,130"
"2019-10-26,140"
"2019-10-26,140"
"2019-10-26,150"
"2019-10-26,140"
"2019-10-26,180"
"2019-10-26,170"
"2019-10-26,110"
"2019-10-26,140"
"2019-10-26,160"
"2019-10-26,140"
"2019-10-26,170"
"2019-10-26,150"
"2019-10-26,190"
"2019-10-26,180"
"2019-10-26,180"
"2019-10-26,180"
"2019-10-26,160"
"2019-10-26,170"
"2019-10-26,440"
"2019-10-26,600"
"2019-10-26,600"
"2019-10-26,620"
"2019-10-26,580"
"2019-10-26,540"
"2019-10-26,540"
"2019-10-26,580"
"2019-10-26,530"
"2019-10-26,500"
"2019-10-26,450"
"2019-10-26,430"
"2019-10-26,420"
"2019-10-27,400"
"2019-10-27,390"
"2019-10-27,370"
"2019-10-27,360"
"2019-10-27,370"
"2019-10-27,380"
"2019-10-27,380"
"2019-10-27,390"
"2019-10-27,360"
"2019-10-27,360"
"2019-10-27,340"
"2019-10-27,340"
"2019-10-27,360"
"2019-10-27,340"
"2019-10-27,350"
"2019-10-27,340"
"2019-10-27,340"
"2019-10-27,330"
"2019-10-27,320"
"2019-10-27,290"
"2019-10-27,310"
"2019-10-27,310"
"2019-10-27,350"
"2019-10-27,290"
"2019-10-27,330"
"2019-10-27,320"
"2019-10-27,360"
"2019-10-27,320"
"2019-10-27,300"
"2019-10-27,290"
"2019-10-27,270"
"2019-10-27,280"
"2019-10-27,270"
"2019-10-27,300"
"2019-10-27,270"
"2019-10-27,270"
"2019-10-27,270"
"2019-10-27,290"
"2019-10-27,300"
"2019-10-27,290"
"2019-10-27,300"
"2019-10-27,290"
"2019-10-27,280"
"2019-10-27,290"
"2019-10-27,300"
"2019-10-28,290"
"2019-10-28,300"
"2019-10-28,300"
"2019-10-28,290"
"2019-10-28,290"
"2019-10-28,280"
"2019-10-28,290"
"2019-10-28,290"
"2019-10-28,290"
"2019-10-28,290"
"2019-10-28,290"
"2019-10-28,280"
"2019-10-28,290"
"2019-10-28,270"
"2019-10-28,290"
"2019-10-28,270"
"2019-10-28,270"
"2019-10-28,280"
"2019-10-28,280"
"2019-10-28,290"
"2019-10-28,300"
"2019-10-28,280"
"2019-10-28,270"
"2019-10-28,280"
"2019-10-28,260"
"2019-10-28,280"
"2019-10-28,260"
"2019-10-28,250"
"2019-10-28,270"
"2019-10-28,260"
"2019-10-28,250"
"2019-10-28,260"
"2019-10-28,260"
"2019-10-28,270"
"2019-10-28,270"
"2019-10-28,280"
"2019-10-28,260"
"2019-10-28,270"
"2019-10-28,260"
"2019-10-28,270"
"2019-10-28,280"
"2019-10-28,300"
"2019-10-29,280"
"2019-10-29,280"
"2019-10-29,280"
"2019-10-29,260"
"2019-10-29,280"
"2019-10-29,290"
"2019-10-29,290"
"2019-10-29,280"
"2019-10-29,270"
"2019-10-29,270"
"2019-10-29,280"
"2019-10-29,270"
"2019-10-29,290"
"2019-10-29,290"
"2019-10-29,280"
"2019-10-29,280"
"2019-10-29,290"
"2019-10-29,290"
"2019-10-29,290"
"2019-10-29,290"
"2019-10-29,270"
"2019-10-29,270"
"2019-10-29,290"
"2019-10-29,270"
"2019-10-29,270"
"2019-10-29,270"
"2019-10-29,280"
"2019-10-29,270"
"2019-10-29,280"
"2019-10-29,250"
"2019-10-29,260"
"2019-10-29,250"
"2019-10-29,260"
"2019-10-29,270"
"2019-10-29,260"
"2019-10-29,250"
"2019-10-29,270"
"2019-10-29,250"
"2019-10-29,270"
"2019-10-29,240"
"2019-10-29,280"
"2019-10-29,270"
"2019-10-29,280"
"2019-10-29,290"
"2019-10-29,310"
"2019-10-29,280"
"2019-10-29,290"
"2019-10-29,280"
"2019-10-30,290"
"2019-10-30,290"
"2019-10-30,280"
"2019-10-30,280"
"2019-10-30,300"
"2019-10-30,280"
"2019-10-30,290"
"2019-10-30,290"
"2019-10-30,280"
"2019-10-30,270"
"2019-10-30,280"
"2019-10-30,290"
"2019-10-30,290"
"2019-10-30,290"
"2019-10-30,300"
"2019-10-30,310"
"2019-10-30,320"
"2019-10-30,250"
"2019-10-30,260"
"2019-10-30,250"
"2019-10-30,260"
"2019-10-30,250"
"2019-10-30,240"
"2019-10-30,230"
"2019-10-30,250"
"2019-10-30,260"
"2019-10-30,240"
"2019-10-30,240"
"2019-10-30,230"
"2019-10-30,230"
"2019-10-30,230"
"2019-10-30,230"
"2019-10-30,230"
"2019-10-30,210"
"2019-10-30,210"
"2019-10-30,230"
"2019-10-30,260"
"2019-10-30,230"
"2019-10-30,240"
"2019-10-30,220"
"2019-10-30,250"
"2019-10-30,230"
"2019-10-30,220"
"2019-10-30,220"
"2019-10-30,220"
"2019-10-30,220"
"2019-10-30,220"
"2019-10-30,210"
"2019-10-31,220"
"2019-10-31,210"
"2019-10-31,220"
"2019-10-31,220"
"2019-10-31,230"
"2019-10-31,220"
"2019-10-31,240"
"2019-10-31,220"
"2019-10-31,230"
"2019-10-31,230"
"2019-10-31,230"
"2019-10-31,220"
"2019-10-31,220"
"2019-10-31,230"
"2019-10-31,230"
"2019-10-31,220"
"2019-10-31,230"
"2019-10-31,230"
"2019-10-31,220"
"2019-10-31,230"
"2019-10-31,230"
"2019-10-31,220"
"2019-10-31,220"
"2019-10-31,230"
"2019-10-31,240"
"2019-10-31,240"
"2019-10-31,240"
"2019-10-31,240"
"2019-10-31,240"
"2019-10-31,240"
"2019-10-31,220"
"2019-10-31,230"
"2019-10-31,230"
"2019-10-31,230"
"2019-10-31,220"
"2019-10-31,220"
"2019-10-31,230"
"2019-10-31,230"
"2019-10-31,230"
"2019-10-31,230"
"2019-10-31,230"
"2019-10-31,230"
"2019-10-31,230"
"2019-10-31,230"
"2019-10-31,230"
"2019-10-31,230"
"2019-10-31,230"
"2019-10-31,230"
"2019-11-01,200"
"2019-11-01,210"
"2019-11-01,220"
"2019-11-01,220"
"2019-11-01,220"
"2019-11-01,210"
"2019-11-01,200"
"2019-11-01,230"
"2019-11-01,200"
"2019-11-01,220"
"2019-11-01,210"
"2019-11-01,220"
"2019-11-01,220"
"2019-11-01,220"
"2019-11-01,230"
"2019-11-01,200"
"2019-11-01,240"
"2019-11-01,200"
"2019-11-01,250"
"2019-11-01,260"
"2019-11-01,230"
"2019-11-01,230"
"2019-11-01,250"
"2019-11-01,240"
"2019-11-01,220"
"2019-11-01,220"
"2019-11-01,240"
"2019-11-01,230"
"2019-11-01,230"
"2019-11-01,230"
"2019-11-01,260"
"2019-11-01,220"
"2019-11-01,240"
"2019-11-01,220"
"2019-11-01,220"
"2019-11-01,210"
"2019-11-01,230"
"2019-11-01,220"
"2019-11-01,220"
"2019-11-01,250"
"2019-11-01,250"
"2019-11-01,280"
"2019-11-01,250"
"2019-11-01,260"
"2019-11-01,250"
"2019-11-01,240"
"2019-11-01,250"
"2019-11-01,250"
"2019-11-02,240"
"2019-11-02,230"
"2019-11-02,240"
"2019-11-02,220"
"2019-11-02,250"
"2019-11-02,230"
"2019-11-02,230"
"2019-11-02,240"
"2019-11-02,230"
"2019-11-02,240"
"2019-11-02,240"
"2019-11-02,230"
"2019-11-02,230"
"2019-11-02,230"
"2019-11-02,240"
"2019-11-02,250"
"2019-11-02,240"
"2019-11-02,260"
"2019-11-02,260"
"2019-11-02,250"
"2019-11-02,260"
"2019-11-02,220"
"2019-11-02,230"
"2019-11-02,250"
"2019-11-02,240"
"2019-11-02,230"
"2019-11-02,250"
"2019-11-02,240"
"2019-11-02,220"
"2019-11-02,240"
"2019-11-02,210"
"2019-11-02,240"
"2019-11-02,220"
"2019-11-02,210"
"2019-11-02,220"
"2019-11-02,230"
"2019-11-02,220"
"2019-11-02,230"
"2019-11-02,230"
"2019-11-02,220"
"2019-11-02,210"
"2019-11-02,230"
"2019-11-02,220"
"2019-11-02,210"
"2019-11-02,210"
"2019-11-02,220"
"2019-11-02,220"
"2019-11-02,220"
"2019-11-03,220"
"2019-11-03,230"
"2019-11-03,220"
"2019-11-03,220"
"2019-11-03,240"
"2019-11-03,230"
"2019-11-03,230"
"2019-11-03,220"
"2019-11-03,220"
"2019-11-03,240"
"2019-11-03,230"
"2019-11-03,240"
"2019-11-03,220"
"2019-11-03,230"
"2019-11-03,230"
"2019-11-03,220"
"2019-11-03,240"
"2019-11-03,250"
"2019-11-03,250"
"2019-11-03,260"
"2019-11-03,250"
"2019-11-03,240"
"2019-11-03,240"
"2019-11-03,240"
"2019-11-03,270"
"2019-11-03,240"
"2019-11-03,250"
"2019-11-03,240"
"2019-11-03,240"
"2019-11-03,230"
"2019-11-03,240"
"2019-11-03,250"
"2019-11-03,220"
"2019-11-03,220"
"2019-11-03,210"
"2019-11-03,230"
"2019-11-03,230"
"2019-11-03,210"
"2019-11-03,270"
"2019-11-03,280"
"2019-11-03,290"
"2019-11-03,280"
"2019-11-03,280"
"2019-11-03,300"
"2019-11-03,280"
"2019-11-03,280"
"2019-11-03,280"
"2019-11-04,280"
"2019-11-04,280"
"2019-11-04,280"
"2019-11-04,270"
"2019-11-04,260"
"2019-11-04,270"
"2019-11-04,270"
"2019-11-04,260"
"2019-11-04,260"
"2019-11-04,260"
"2019-11-04,260"
"2019-11-04,260"
"2019-11-04,250"
"2019-11-04,260"
"2019-11-04,260"
"2019-11-04,260"
"2019-11-04,250"
"2019-11-04,270"
"2019-11-04,280"
"2019-11-04,250"
"2019-11-04,260"
"2019-11-04,260"
"2019-11-04,290"
"2019-11-04,260"
"2019-11-04,270"
"2019-11-04,260"
"2019-11-04,280"
"2019-11-04,260"
"2019-11-04,250"
"2019-11-04,300"
"2019-11-04,270"
"2019-11-04,270"
"2019-11-04,280"
"2019-11-04,280"
"2019-11-04,270"
"2019-11-04,270"
"2019-11-04,260"
"2019-11-04,270"
"2019-11-04,240"
"2019-11-04,240"
"2019-11-04,260"
"2019-11-04,270"
"2019-11-04,250"
"2019-11-05,250"
"2019-11-05,250"
"2019-11-05,250"
"2019-11-05,270"
"2019-11-05,250"
"2019-11-05,270"
"2019-11-05,260"
"2019-11-05,270"
"2019-11-05,260"
"2019-11-05,250"
"2019-11-05,250"
"2019-11-05,240"
"2019-11-05,270"
"2019-11-05,260"
"2019-11-05,260"
"2019-11-05,270"
"2019-11-05,270"
"2019-11-05,270"
"2019-11-05,270"
"2019-11-05,250"
"2019-11-05,260"
"2019-11-05,250"
"2019-11-05,250"
"2019-11-05,260"
"2019-11-05,260"
"2019-11-05,240"
"2019-11-05,240"
"2019-11-05,260"
"2019-11-05,260"
"2019-11-05,250"
"2019-11-05,260"
"2019-11-05,260"
"2019-11-05,240"
"2019-11-05,250"
"2019-11-05,270"
"2019-11-06,250"
"2019-11-06,250"
"2019-11-06,270"
"2019-11-06,270"
"2019-11-06,250"
"2019-11-06,270"
"2019-11-06,270"
"2019-11-06,250"
"2019-11-06,270"
"2019-11-06,260"
"2019-11-06,270"
"2019-11-06,260"
"2019-11-06,270"
"2019-11-06,250"
"2019-11-06,250"
"2019-11-06,250"
"2019-11-06,280"
"2019-11-06,280"
"2019-11-06,290"
"2019-11-06,280"
"2019-11-06,280"
"2019-11-06,300"
"2019-11-06,270"
"2019-11-06,280"
"2019-11-06,290"
"2019-11-06,290"
"2019-11-06,280"
"2019-11-06,280"
"2019-11-06,270"
"2019-11-06,280"
"2019-11-06,270"
"2019-11-06,250"
"2019-11-06,270"
"2019-11-06,270"
"2019-11-06,260"
"2019-11-06,260"
"2019-11-06,260"
"2019-11-06,250"
"2019-11-06,280"
"2019-11-06,280"
"2019-11-06,290"
"2019-11-06,290"
"2019-11-06,280"
"2019-11-06,280"
"2019-11-06,280"
"2019-11-06,280"
"2019-11-06,280"
"2019-11-06,270"
"2019-11-07,270"
"2019-11-07,270"
"2019-11-07,270"
"2019-11-07,260"
"2019-11-07,270"
"2019-11-07,270"
"2019-11-07,270"
"2019-11-07,280"
"2019-11-07,270"
"2019-11-07,260"
"2019-11-07,260"
"2019-11-07,270"
"2019-11-07,280"
"2019-11-07,280"
"2019-11-07,270"
"2019-11-07,310"
"2019-11-07,310"
"2019-11-07,330"
"2019-11-07,320"
"2019-11-07,330"
"2019-11-07,330"
"2019-11-07,320"
"2019-11-07,320"
"2019-11-07,310"
"2019-11-07,300"
"2019-11-07,310"
"2019-11-07,310"
"2019-11-07,310"
"2019-11-07,310"
"2019-11-07,310"
"2019-11-07,320"
"2019-11-07,310"
"2019-11-07,300"
"2019-11-07,300"
"2019-11-07,240"
"2019-11-07,290"
"2019-11-07,300"
"2019-11-07,290"
"2019-11-07,290"
"2019-11-07,280"
"2019-11-07,290"
"2019-11-07,300"
"2019-11-07,300"
"2019-11-07,280"
"2019-11-07,290"
"2019-11-07,290"
"2019-11-07,290"
"2019-11-08,290"
"2019-11-08,320"
"2019-11-08,310"
"2019-11-08,310"
"2019-11-08,320"
"2019-11-08,300"
"2019-11-08,310"
"2019-11-08,310"
"2019-11-08,310"
"2019-11-08,310"
"2019-11-08,300"
"2019-11-08,300"
"2019-11-08,310"
"2019-11-08,320"
"2019-11-08,310"
"2019-11-08,350"
"2019-11-08,390"
"2019-11-08,410"
"2019-11-08,420"
"2019-11-08,450"
"2019-11-08,430"
"2019-11-08,410"
"2019-11-08,400"
"2019-11-08,410"
"2019-11-08,400"
"2019-11-08,420"
"2019-11-08,430"
"2019-11-08,410"
"2019-11-08,390"
"2019-11-08,390"
"2019-11-08,400"
"2019-11-08,400"
"2019-11-08,400"
"2019-11-08,390"
"2019-11-08,380"
"2019-11-08,380"
"2019-11-08,380"
"2019-11-08,370"
"2019-11-08,360"
"2019-11-08,360"
"2019-11-08,370"
"2019-11-08,360"
"2019-11-08,360"
"2019-11-08,360"
"2019-11-08,360"
"2019-11-08,360"
"2019-11-08,350"
"2019-11-09,360"
"2019-11-09,360"
"2019-11-09,370"
"2019-11-09,380"
"2019-11-09,380"
"2019-11-09,380"
"2019-11-09,380"
"2019-11-09,380"
"2019-11-09,370"
"2019-11-09,370"
"2019-11-09,370"
"2019-11-09,370"
"2019-11-09,370"
"2019-11-09,390"
"2019-11-09,380"
"2019-11-09,400"
"2019-11-09,480"
"2019-11-09,520"
"2019-11-09,540"
"2019-11-09,560"
"2019-11-09,560"
"2019-11-09,550"
"2019-11-09,550"
"2019-11-09,540"
"2019-11-09,500"
"2019-11-09,530"
"2019-11-09,520"
"2019-11-09,540"
"2019-11-09,530"
"2019-11-09,530"
"2019-11-09,510"
"2019-11-09,540"
"2019-11-09,530"
"2019-11-09,510"
"2019-11-09,510"
"2019-11-09,480"
"2019-11-09,450"
"2019-11-09,460"
"2019-11-09,430"
"2019-11-09,410"
"2019-11-09,430"
"2019-11-09,400"
"2019-11-09,420"
"2019-11-09,410"
"2019-11-09,410"
"2019-11-09,390"
"2019-11-09,390"
"2019-11-09,400"
"2019-11-10,390"
"2019-11-10,390"
"2019-11-10,380"
"2019-11-10,390"
"2019-11-10,390"
"2019-11-10,390"
"2019-11-10,390"
"2019-11-10,390"
"2019-11-10,410"
"2019-11-10,410"
"2019-11-10,390"
"2019-11-10,400"
"2019-11-10,420"
"2019-11-10,420"
"2019-11-10,420"
"2019-11-10,420"
"2019-11-10,520"
"2019-11-10,520"
"2019-11-10,550"
"2019-11-10,550"
"2019-11-10,570"
"2019-11-10,560"
"2019-11-10,570"
"2019-11-10,490"
"2019-11-10,560"
"2019-11-10,560"
"2019-11-10,550"
"2019-11-10,520"
"2019-11-10,560"
"2019-11-10,560"
"2019-11-10,530"
"2019-11-10,530"
"2019-11-10,520"
"2019-11-10,540"
"2019-11-10,490"
"2019-11-10,480"
"2019-11-10,510"
"2019-11-10,500"
"2019-11-10,510"
"2019-11-10,500"
"2019-11-10,490"
"2019-11-10,510"
"2019-11-10,510"
"2019-11-10,480"
"2019-11-10,480"
"2019-11-10,470"
"2019-11-10,470"
"2019-11-10,450"
"2019-11-11,450"
"2019-11-11,430"
"2019-11-11,450"
"2019-11-11,450"
"2019-11-11,430"
"2019-11-11,420"
"2019-11-11,420"
"2019-11-11,430"
"2019-11-11,420"
"2019-11-11,420"
"2019-11-11,420"
"2019-11-11,420"
"2019-11-11,430"
"2019-11-11,420"
"2019-11-11,420"
"2019-11-11,430"
"2019-11-11,430"
"2019-11-11,500"
"2019-11-11,520"
"2019-11-11,500"
"2019-11-11,510"
"2019-11-11,470"
"2019-11-11,480"
"2019-11-11,470"
"2019-11-11,460"
"2019-11-11,470"
"2019-11-11,480"
"2019-11-11,450"
"2019-11-11,450"
"2019-11-11,450"
"2019-11-11,470"
"2019-11-11,460"
"2019-11-11,440"
"2019-11-11,450"
"2019-11-11,420"
"2019-11-11,430"
"2019-11-11,440"
"2019-11-11,490"
"2019-11-11,460"
"2019-11-11,450"
"2019-11-11,460"
"2019-11-11,440"
"2019-11-11,450"
"2019-11-11,450"
"2019-11-11,460"
"2019-11-11,430"
"2019-11-11,420"
"2019-11-12,400"
"2019-11-12,400"
"2019-11-12,380"
"2019-11-12,400"
"2019-11-12,400"
"2019-11-12,390"
"2019-11-12,390"
"2019-11-12,390"
"2019-11-12,380"
"2019-11-12,390"
"2019-11-12,380"
"2019-11-12,380"
"2019-11-12,380"
"2019-11-12,420"
"2019-11-12,390"
"2019-11-12,410"
"2019-11-12,400"
"2019-11-12,460"
"2019-11-12,500"
"2019-11-12,460"
"2019-11-12,480"
"2019-11-12,460"
"2019-11-12,480"
"2019-11-12,450"
"2019-11-12,470"
"2019-11-12,480"
"2019-11-12,470"
"2019-11-12,470"
"2019-11-12,480"
"2019-11-12,450"
"2019-11-12,420"
"2019-11-12,420"
"2019-11-12,390"
"2019-11-12,420"
"2019-11-12,420"
"2019-11-12,430"
"2019-11-12,430"
"2019-11-12,390"
"2019-11-12,360"
"2019-11-12,410"
"2019-11-12,350"
"2019-11-12,340"
"2019-11-12,330"
"2019-11-12,330"
"2019-11-12,320"
"2019-11-12,330"
"2019-11-12,320"
"2019-11-12,320"
"2019-11-13,330"
"2019-11-13,310"
"2019-11-13,320"
"2019-11-13,320"
"2019-11-13,310"
"2019-11-13,320"
"2019-11-13,310"
"2019-11-13,320"
"2019-11-13,460"
"2019-11-13,470"
"2019-11-13,450"
"2019-11-13,430"
"2019-11-13,480"
"2019-11-13,460"
"2019-11-13,440"
"2019-11-13,380"
"2019-11-13,350"
"2019-11-13,350"
"2019-11-13,340"
"2019-11-13,570"
"2019-11-13,560"
"2019-11-13,520"
"2019-11-13,500"
"2019-11-13,480"
"2019-11-13,480"
"2019-11-13,510"
"2019-11-13,520"
"2019-11-13,510"
"2019-11-13,510"
"2019-11-13,490"
"2019-11-13,500"
"2019-11-14,480"
"2019-11-14,470"
"2019-11-14,460"
"2019-11-14,470"
"2019-11-14,460"
"2019-11-14,450"
"2019-11-14,450"
"2019-11-14,450"
"2019-11-14,360"
"2019-11-14,350"
"2019-11-14,340"
"2019-11-14,340"
"2019-11-14,340"
"2019-11-14,350"
"2019-11-14,350"
"2019-11-14,350"
"2019-11-14,350"
"2019-11-14,340"
"2019-11-14,360"
"2019-11-14,350"
"2019-11-14,380"
"2019-11-14,380"
"2019-11-14,390"
"2019-11-14,390"
"2019-11-14,420"
"2019-11-14,430"
"2019-11-14,400"
"2019-11-14,380"
"2019-11-14,400"
"2019-11-14,390"
"2019-11-14,380"
"2019-11-14,360"
"2019-11-14,350"
"2019-11-14,380"
"2019-11-14,370"
"2019-11-14,370"
"2019-11-14,350"
"2019-11-14,360"
"2019-11-14,360"
"2019-11-14,360"
"2019-11-14,340"
"2019-11-14,360"
"2019-11-14,350"
"2019-11-14,350"
"2019-11-14,350"
"2019-11-14,360"
"2019-11-14,340"
"2019-11-15,360"
"2019-11-15,350"
"2019-11-15,380"
"2019-11-15,360"
"2019-11-15,360"
"2019-11-15,360"
"2019-11-15,380"
"2019-11-15,360"
"2019-11-15,370"
"2019-11-15,360"
"2019-11-15,370"
"2019-11-15,360"
"2019-11-15,370"
"2019-11-15,360"
"2019-11-15,370"
"2019-11-15,370"
"2019-11-15,390"
"2019-11-15,380"
"2019-11-15,410"
"2019-11-15,400"
"2019-11-15,450"
"2019-11-15,500"
"2019-11-15,560"
"2019-11-15,560"
"2019-11-15,520"
"2019-11-15,530"
"2019-11-15,570"
"2019-11-15,550"
"2019-11-15,550"
"2019-11-15,590"
"2019-11-15,580"
"2019-11-15,550"
"2019-11-15,500"
"2019-11-15,400"
"2019-11-15,410"
"2019-11-15,550"
"2019-11-15,730"
"2019-11-15,670"
"2019-11-15,150"
"2019-11-15,-40"
"2019-11-15,-50"
"2019-11-15,-60"
"2019-11-15,-50"
"2019-11-15,-50"
"2019-11-15,-50"
"2019-11-15,-50"
"2019-11-15,-60"
"2019-11-15,-60"
"2019-11-16,-50"
"2019-11-16,-60"
"2019-11-16,-70"
"2019-11-16,-70"
"2019-11-16,-70"
"2019-11-16,-70"
"2019-11-16,-70"
"2019-11-16,-70"
"2019-11-16,-70"
"2019-11-16,-70"
"2019-11-16,-80"
"2019-11-16,-80"
"2019-11-16,-50"
"2019-11-16,-50"
"2019-11-16,-50"
"2019-11-16,-50"
"2019-11-16,-50"
"2019-11-16,-70"
"2019-11-16,-100"
"2019-11-16,-100"
"2019-11-16,-100"
"2019-11-16,10"
"2019-11-16,20"
"2019-11-16,20"
"2019-11-16,20"
"2019-11-16,30"
"2019-11-16,30"
"2019-11-16,30"
"2019-11-16,30"
"2019-11-16,30"
"2019-11-16,30"
"2019-11-16,30"
"2019-11-16,40"
"2019-11-16,30"
"2019-11-16,30"
"2019-11-16,30"
"2019-11-16,20"
"2019-11-16,20"
"2019-11-16,10"
"2019-11-16,10"
"2019-11-16,10"
"2019-11-16,-20"
"2019-11-17,-10"
"2019-11-17,-30"
"2019-11-17,-30"
"2019-11-17,-10"
"2019-11-17,-10"
"2019-11-17,-30"
"2019-11-17,-10"
"2019-11-17,-40"
"2019-11-17,-30"
"2019-11-17,-10"
"2019-11-17,-30"
"2019-11-17,-40"
"2019-11-17,-10"
"2019-11-17,10"
"2019-11-17,20"
"2019-11-17,10"
"2019-11-17,10"
"2019-11-17,10"
"2019-11-17,10"
"2019-11-17,-10"
"2019-11-17,10"
"2019-11-17,10"
"2019-11-17,-10"
"2019-11-17,-20"
"2019-11-17,-10"
"2019-11-17,-20"
"2019-11-17,-40"
"2019-11-17,-30"
"2019-11-17,-40"
"2019-11-17,-30"
"2019-11-17,-50"
"2019-11-17,-30"
"2019-11-17,-50"
"2019-11-17,-50"
"2019-11-18,-50"
"2019-11-18,-30"
"2019-11-18,-50"
"2019-11-18,-40"
"2019-11-18,-60"
"2019-11-18,-60"
"2019-11-18,-40"
"2019-11-18,-50"
"2019-11-18,-40"
"2019-11-18,-50"
"2019-11-18,-60"
"2019-11-18,-60"
"2019-11-18,-20"
"2019-11-18,-20"
"2019-11-18,-30"
"2019-11-18,-10"
"2019-11-18,-10"
"2019-11-18,-10"
"2019-11-18,-10"
"2019-11-18,-10"
"2019-11-18,-10"
"2019-11-18,-10"
"2019-11-18,-10"
"2019-11-18,-10"
"2019-11-18,-20"
"2019-11-18,-20"
"2019-11-18,-20"
"2019-11-18,-20"
"2019-11-18,-20"
"2019-11-18,-30"
"2019-11-18,-30"
"2019-11-18,-30"
"2019-11-18,-40"
"2019-11-18,-40"
"2019-11-18,-40"
"2019-11-18,-40"
"2019-11-18,-50"
"2019-11-18,-50"
"2019-11-18,-40"
"2019-11-18,-60"
"2019-11-18,-40"
"2019-11-18,-40"
"2019-11-18,-40"
"2019-11-18,-60"
"2019-11-18,-40"
"2019-11-19,-60"
"2019-11-19,-60"
"2019-11-19,-40"
"2019-11-19,-60"
"2019-11-19,-70"
"2019-11-19,-70"
"2019-11-19,-40"
"2019-11-19,-40"
"2019-11-19,-50"
"2019-11-19,-60"
"2019-11-19,-60"
"2019-11-19,-70"
"2019-11-19,-40"
"2019-11-19,-40"
"2019-11-19,-40"
"2019-11-19,-40"
"2019-11-19,-20"
"2019-11-19,-30"
"2019-11-19,-30"
"2019-11-19,-30"
"2019-11-19,-30"
"2019-11-19,-30"
"2019-11-19,-30"
"2019-11-19,-30"
"2019-11-19,-30"
"2019-11-19,-40"
"2019-11-19,-40"
"2019-11-19,-30"
"2019-11-19,-40"
"2019-11-19,-40"
"2019-11-19,-30"
"2019-11-19,-40"
"2019-11-19,-50"
"2019-11-19,-50"
"2019-11-19,-60"
"2019-11-19,-60"
"2019-11-19,-50"
"2019-11-19,-70"
"2019-11-19,-40"
"2019-11-19,50"
"2019-11-19,30"
"2019-11-19,20"
"2019-11-19,10"
"2019-11-19,20"
"2019-11-19,10"
"2019-11-19,10"
"2019-11-20,-10"
"2019-11-20,-10"
"2019-11-20,-20"
"2019-11-20,-10"
"2019-11-20,-20"
"2019-11-20,-20"
"2019-11-20,-20"
"2019-11-20,-30"
"2019-11-20,-30"
"2019-11-20,-30"
"2019-11-20,-40"
"2019-11-20,-40"
"2019-11-20,-40"
"2019-11-20,-40"
"2019-11-20,-40"
"2019-11-20,-40"
"2019-11-20,-40"
"2019-11-20,-40"
"2019-11-20,-40"
"2019-11-20,-50"
"2019-11-20,-50"
"2019-11-20,-50"
"2019-11-20,-50"
"2019-11-20,-60"
"2019-11-20,-60"
"2019-11-20,-60"
"2019-11-20,-60"
"2019-11-20,-60"
"2019-11-20,590"
"2019-11-20,400"
"2019-11-20,320"
"2019-11-20,260"
"2019-11-20,220"
"2019-11-20,210"
"2019-11-20,180"
"2019-11-20,160"
"2019-11-20,150"
"2019-11-20,140"
"2019-11-20,130"
"2019-11-20,120"
"2019-11-20,110"
"2019-11-20,110"
"2019-11-20,100"
"2019-11-20,90"
"2019-11-20,90"
"2019-11-20,90"
"2019-11-21,80"
"2019-11-21,90"
"2019-11-21,80"
"2019-11-21,80"
"2019-11-21,80"
"2019-11-21,80"
"2019-11-21,80"
"2019-11-21,70"
"2019-11-21,10"
"2019-11-21,20"
"2019-11-21,10"
"2019-11-21,10"
"2019-11-21,10"
"2019-11-21,-10"
"2019-11-21,-10"
"2019-11-21,-10"
"2019-11-21,-20"
"2019-11-21,-20"
"2019-11-21,-30"
"2019-11-21,-20"
"2019-11-21,-20"
"2019-11-21,-20"
"2019-11-21,-30"
"2019-11-21,-30"
"2019-11-21,-20"
"2019-11-21,-20"
"2019-11-21,90"
"2019-11-21,80"
"2019-11-21,60"
"2019-11-21,80"
"2019-11-21,80"
"2019-11-21,80"
"2019-11-21,70"
"2019-11-21,120"
"2019-11-21,130"
"2019-11-21,120"
"2019-11-21,110"
"2019-11-21,90"
"2019-11-21,80"
"2019-11-22,70"
"2019-11-22,60"
"2019-11-22,60"
"2019-11-22,50"
"2019-11-22,40"
"2019-11-22,40"
"2019-11-22,40"
"2019-11-22,40"
"2019-11-22,30"
"2019-11-22,30"
"2019-11-22,30"
"2019-11-22,30"
"2019-11-22,30"
"2019-11-22,20"
"2019-11-22,20"
"2019-11-22,10"
"2019-11-22,10"
"2019-11-22,20"
"2019-11-22,20"
"2019-11-22,20"
"2019-11-22,10"
"2019-11-22,10"
"2019-11-22,10"
"2019-11-22,10"
"2019-11-22,-10"
"2019-11-22,-30"
"2019-11-22,120"
"2019-11-22,180"
"2019-11-22,160"
"2019-11-22,150"
"2019-11-22,140"
"2019-11-22,120"
"2019-11-22,120"
"2019-11-22,110"
"2019-11-22,100"
"2019-11-22,100"
"2019-11-22,90"
"2019-11-22,100"
"2019-11-22,80"
"2019-11-22,100"
"2019-11-22,90"
"2019-11-23,90"
"2019-11-23,90"
"2019-11-23,90"
"2019-11-23,90"
"2019-11-23,90"
"2019-11-23,100"
"2019-11-23,90"
"2019-11-23,80"
"2019-11-23,90"
"2019-11-23,80"
"2019-11-23,80"
"2019-11-23,80"
"2019-11-23,80"
"2019-11-23,80"
"2019-11-23,70"
"2019-11-23,70"
"2019-11-23,70"
"2019-11-23,70"
"2019-11-23,70"
"2019-11-23,80"
"2019-11-23,70"
"2019-11-23,80"
"2019-11-23,70"
"2019-11-23,70"
"2019-11-23,80"
"2019-11-23,70"
"2019-11-23,70"
"2019-11-23,80"
"2019-11-23,70"
"2019-11-23,70"
"2019-11-23,70"
"2019-11-23,70"
"2019-11-23,70"
"2019-11-23,70"
"2019-11-23,60"
"2019-11-23,70"
"2019-11-23,100"
"2019-11-23,110"
"2019-11-23,110"
"2019-11-23,110"
"2019-11-23,100"
"2019-11-23,100"
"2019-11-24,80"
"2019-11-24,80"
"2019-11-24,90"
"2019-11-24,90"
"2019-11-24,80"
"2019-11-24,80"
"2019-11-24,80"
"2019-11-24,80"
"2019-11-24,80"
"2019-11-24,90"
"2019-11-24,90"
"2019-11-24,90"
"2019-11-24,90"
"2019-11-24,80"
"2019-11-24,80"
"2019-11-24,80"
"2019-11-24,80"
"2019-11-24,80"
"2019-11-24,80"
"2019-11-24,70"
"2019-11-24,80"
"2019-11-24,90"
"2019-11-24,80"
"2019-11-24,80"
"2019-11-24,80"
"2019-11-24,80"
"2019-11-24,90"
"2019-11-24,90"
"2019-11-24,70"
"2019-11-24,80"
"2019-11-24,80"
"2019-11-24,90"
"2019-11-24,90"
"2019-11-25,80"
"2019-11-25,80"
"2019-11-25,80"
"2019-11-25,80"
"2019-11-25,80"
"2019-11-25,80"
"2019-11-25,80"
"2019-11-25,90"
"2019-11-25,80"
"2019-11-25,70"
"2019-11-25,70"
"2019-11-25,80"
"2019-11-25,80"
"2019-11-25,80"
"2019-11-25,90"
"2019-11-25,80"
"2019-12-02,220"
"2019-12-02,220"
"2019-12-02,220"
"2019-12-02,220"
"2019-12-02,210"
"2019-12-02,220"
"2019-12-02,200"
"2019-12-02,220"
"2019-12-02,200"
"2019-12-02,190"
"2019-12-02,190"
"2019-12-02,190"
"2019-12-02,180"
"2019-12-02,190"
"2019-12-02,170"
"2019-12-02,170"
"2019-12-02,170"
"2019-12-02,170"
"2019-12-02,170"
"2019-12-02,170"
"2019-12-02,170"
"2019-12-02,160"
"2019-12-02,160"
"2019-12-02,170"
"2019-12-02,170"
"2019-12-02,170"
"2019-12-02,170"
"2019-12-03,170"
"2019-12-03,170"
"2019-12-03,170"
"2019-12-03,170"
"2019-12-03,170"
"2019-12-03,170"
"2019-12-03,170"
"2019-12-03,160"
"2019-12-03,160"
"2019-12-03,160"
"2019-12-03,160"
"2019-12-03,160"
"2019-12-03,160"
"2019-12-03,160"
"2019-12-03,160"
"2019-12-03,150"
"2019-12-03,150"
"2019-12-03,150"
"2019-12-03,150"
"2019-12-03,150"
"2019-12-03,150"
"2019-12-03,150"
"2019-12-03,150"
"2019-12-03,140"
"2019-12-03,140"
"2019-12-03,150"
"2019-12-03,140"
"2019-12-03,150"
"2019-12-03,140"
"2019-12-03,150"
"2019-12-03,140"
"2019-12-03,140"
"2019-12-03,140"
"2019-12-03,140"
"2019-12-03,140"
"2019-12-03,140"
"2019-12-03,140"
"2019-12-03,150"
"2019-12-03,140"
"2019-12-03,140"
"2019-12-03,150"
"2019-12-03,140"
"2019-12-03,150"
"2019-12-03,150"
"2019-12-03,140"
"2019-12-03,150"
"2019-12-03,150"
"2019-12-03,140"
"2019-12-04,140"
"2019-12-04,140"
"2019-12-04,150"
"2019-12-04,140"
"2019-12-04,140"
"2019-12-04,150"
"2019-12-04,140"
"2019-12-04,140"
"2019-12-04,140"
"2019-12-04,150"
"2019-12-04,140"
"2019-12-04,140"
"2019-12-04,140"
"2019-12-04,140"
"2019-12-04,140"
"2019-12-04,140"
"2019-12-04,140"
"2019-12-04,80"
"2019-12-04,80"
"2019-12-04,80"
"2019-12-04,80"
"2019-12-04,70"
"2019-12-04,70"
"2019-12-04,80"
"2019-12-04,80"
"2019-12-04,70"
"2019-12-04,70"
"2019-12-04,70"
"2019-12-04,70"
"2019-12-04,70"
"2019-12-04,70"
"2019-12-04,70"
"2019-12-04,70"
"2019-12-04,80"
"2019-12-04,70"
"2019-12-04,70"
"2019-12-04,80"
"2019-12-04,80"
"2019-12-04,80"
"2019-12-04,70"
"2019-12-04,80"
"2019-12-04,80"
"2019-12-04,90"
"2019-12-04,80"
"2019-12-04,110"
"2019-12-04,110"
"2019-12-04,110"
"2019-12-05,110"
"2019-12-05,110"
"2019-12-05,110"
"2019-12-05,110"
"2019-12-05,110"
"2019-12-05,110"
"2019-12-05,90"
"2019-12-05,110"
"2019-12-05,90"
"2019-12-05,90"
"2019-12-05,100"
"2019-12-05,100"
"2019-12-05,90"
"2019-12-05,90"
"2019-12-05,80"
"2019-12-05,80"
"2019-12-05,80"
"2019-12-05,80"
"2019-12-05,80"
"2019-12-05,80"
"2019-12-05,90"
"2019-12-05,90"
"2019-12-05,90"
"2019-12-05,70"
"2019-12-05,90"
"2019-12-05,80"
"2019-12-05,80"
"2019-12-05,80"
"2019-12-05,80"
"2019-12-05,80"
"2019-12-05,90"
"2019-12-05,80"
"2019-12-05,90"
"2019-12-05,80"
"2019-12-05,80"
"2019-12-05,90"
"2019-12-05,90"
"2019-12-05,80"
"2019-12-05,100"
"2019-12-05,100"
"2019-12-05,90"
"2019-12-05,80"
"2019-12-05,70"
"2019-12-05,80"
"2019-12-05,80"
"2019-12-05,80"
"2019-12-05,80"
"2019-12-05,80"
"2019-12-06,80"
"2019-12-06,80"
"2019-12-06,90"
"2019-12-06,90"
"2019-12-06,90"
"2019-12-06,100"
"2019-12-06,90"
"2019-12-06,70"
"2019-12-06,100"
"2019-12-06,100"
"2019-12-06,90"
"2019-12-06,90"
"2019-12-06,100"
"2019-12-06,90"
"2019-12-06,90"
"2019-12-06,90"
"2019-12-06,90"
"2019-12-06,90"
"2019-12-06,90"
"2019-12-06,90"
"2019-12-06,90"
"2019-12-06,90"
"2019-12-06,90"
"2019-12-06,90"
"2019-12-06,90"
"2019-12-06,90"
"2019-12-06,90"
"2019-12-06,90"
"2019-12-06,90"
"2019-12-06,80"
"2019-12-06,90"
"2019-12-06,80"
"2019-12-06,90"
"2019-12-06,80"
"2019-12-06,80"
"2019-12-06,80"
"2019-12-06,100"
"2019-12-06,110"
"2019-12-06,110"
"2019-12-06,110"
"2019-12-06,100"
"2019-12-06,110"
"2019-12-06,90"
"2019-12-06,110"
"2019-12-06,110"
"2019-12-06,100"
"2019-12-06,110"
"2019-12-06,100"
"2019-12-07,100"
"2019-12-07,100"
"2019-12-07,130"
"2019-12-07,110"
"2019-12-07,100"
"2019-12-07,100"
"2019-12-07,110"
"2019-12-07,110"
"2019-12-07,110"
"2019-12-07,90"
"2019-12-07,110"
"2019-12-07,100"
"2019-12-07,90"
"2019-12-07,100"
"2019-12-07,100"
"2019-12-07,90"
"2019-12-07,110"
"2019-12-07,80"
"2019-12-07,90"
"2019-12-07,90"
"2019-12-07,100"
"2019-12-07,100"
"2019-12-07,100"
"2019-12-07,80"
"2019-12-07,90"
"2019-12-07,90"
"2019-12-07,80"
"2019-12-07,80"
"2019-12-07,90"
"2019-12-07,100"
"2019-12-07,100"
"2019-12-07,100"
"2019-12-07,90"
"2019-12-07,100"
"2019-12-07,90"
"2019-12-07,100"
"2019-12-07,80"
"2019-12-07,90"
"2019-12-07,90"
"2019-12-07,90"
"2019-12-07,90"
"2019-12-07,90"
"2019-12-07,90"
"2019-12-07,90"
"2019-12-08,90"
"2019-12-08,100"
"2019-12-08,90"
"2019-12-08,90"
"2019-12-08,90"
"2019-12-08,80"
"2019-12-08,90"
"2019-12-08,90"
"2019-12-08,90"
"2019-12-08,100"
"2019-12-08,90"
"2019-12-08,90"
"2019-12-08,100"
"2019-12-08,90"
"2019-12-08,90"
"2019-12-08,110"
"2019-12-08,100"
"2019-12-08,100"
"2019-12-08,90"
"2019-12-08,90"
"2019-12-08,100"
"2019-12-08,100"
"2019-12-08,100"
"2019-12-08,90"
"2019-12-08,100"
"2019-12-08,90"
"2019-12-08,90"
"2019-12-08,100"
"2019-12-08,100"
"2019-12-08,120"
"2019-12-09,100"
"2019-12-09,90"
"2019-12-09,80"
"2019-12-09,80"
"2019-12-09,110"
"2019-12-09,110"
"2019-12-09,100"
"2019-12-09,110"
"2019-12-09,90"
"2019-12-09,90"
"2019-12-09,110"
"2019-12-09,100"
"2019-12-09,100"
"2019-12-09,90"
"2019-12-09,100"
"2019-12-09,100"
"2019-12-09,90"
"2019-12-09,90"
"2019-12-09,80"
"2019-12-09,80"
"2019-12-09,80"
"2019-12-09,80"
"2019-12-09,70"
"2019-12-09,100"
"2019-12-09,100"
"2019-12-09,100"
"2019-12-09,110"
"2019-12-09,120"
"2019-12-09,120"
"2019-12-09,130"
"2019-12-09,130"
"2019-12-10,120"
"2019-12-10,120"
"2019-12-10,110"
"2019-12-10,110"
"2019-12-10,110"
"2019-12-10,100"
"2019-12-10,110"
"2019-12-10,100"
"2019-12-10,100"
"2019-12-10,120"
"2019-12-10,110"
"2019-12-10,100"
"2019-12-10,100"
"2019-12-10,100"
"2019-12-10,90"
"2019-12-10,110"
"2019-12-10,110"
"2019-12-10,90"
"2019-12-10,100"
"2019-12-10,100"
"2019-12-10,110"
"2019-12-10,100"
"2019-12-10,100"
"2019-12-10,120"
"2019-12-10,110"
"2019-12-10,100"
"2019-12-10,120"
"2019-12-10,110"
"2019-12-10,100"
"2019-12-10,120"
"2019-12-10,110"
"2019-12-10,80"
"2019-12-10,110"
"2019-12-10,100"
"2019-12-10,100"
"2019-12-10,90"
"2019-12-10,90"
"2019-12-10,100"
"2019-12-10,100"
"2019-12-10,90"
"2019-12-10,90"
"2019-12-10,100"
"2019-12-11,100"
"2019-12-11,100"
"2019-12-11,90"
"2019-12-11,90"
"2019-12-11,90"
"2019-12-11,100"
"2019-12-11,100"
"2019-12-11,90"
"2019-12-11,90"
"2019-12-11,90"
"2019-12-11,90"
"2019-12-11,100"
"2019-12-11,90"
"2019-12-11,90"
"2019-12-11,100"
"2019-12-11,100"
"2019-12-11,90"
"2019-12-11,90"
"2019-12-11,90"
"2019-12-11,90"
"2019-12-11,90"
"2019-12-11,100"
"2019-12-11,210"
"2019-12-11,370"
"2019-12-11,430"
"2019-12-11,490"
"2019-12-11,450"
"2019-12-11,430"
"2019-12-11,390"
"2019-12-11,320"
"2019-12-11,280"
"2019-12-11,270"
"2019-12-11,250"
"2019-12-12,270"
"2019-12-12,260"
"2019-12-12,220"
"2019-12-12,230"
"2019-12-12,240"
"2019-12-12,230"
"2019-12-12,220"
"2019-12-12,180"
"2019-12-12,190"
"2019-12-12,180"
"2019-12-12,190"
"2019-12-12,180"
"2019-12-12,160"
"2019-12-12,170"
"2019-12-12,160"
"2019-12-12,160"
"2019-12-12,170"
"2019-12-12,160"
"2019-12-12,160"
"2019-12-12,150"
"2019-12-12,170"
"2019-12-16,240"
"2019-12-18,190"
"2019-12-18,180"
"2019-12-18,160"
"2019-12-18,160"
"2019-12-18,160"
"2019-12-18,160"
"2019-12-18,160"
"2019-12-18,210"
"2019-12-18,220"
"2019-12-18,200"
"2019-12-18,210"
"2019-12-18,190"
"2019-12-18,180"
"2019-12-18,180"
"2019-12-18,170"
"2019-12-18,170"
"2019-12-18,240"
"2019-12-18,270"
"2019-12-18,300"
"2019-12-18,300"
"2019-12-18,270"
"2019-12-18,240"
"2019-12-18,240"
"2019-12-19,220"
"2019-12-19,210"
"2019-12-19,210"
"2019-12-19,200"
"2019-12-19,200"
"2019-12-19,200"
"2019-12-19,170"
"2019-12-19,210"
"2019-12-19,220"
"2019-12-19,190"
"2019-12-19,200"
"2019-12-19,170"
"2019-12-19,200"
"2019-12-19,220"
"2019-12-19,200"
"2019-12-19,200"
"2019-12-19,180"
"2019-12-19,190"
"2019-12-19,180"
"2019-12-19,180"
"2019-12-19,170"
"2019-12-19,170"
"2019-12-19,170"
"2019-12-19,170"
"2019-12-19,170"
"2019-12-19,170"
"2019-12-19,170"
"2019-12-19,170"
"2019-12-19,170"
"2019-12-19,170"
"2019-12-19,160"
"2019-12-19,170"
"2019-12-19,260"
"2019-12-19,270"
"2019-12-19,240"
"2019-12-19,240"
"2019-12-19,240"
"2019-12-19,240"
"2019-12-19,230"
"2019-12-19,230"
"2019-12-19,230"
"2019-12-19,260"
"2019-12-19,260"
"2019-12-19,270"
"2019-12-19,280"
"2019-12-19,280"
"2019-12-19,280"
"2019-12-19,280"
"2019-12-20,270"
"2019-12-20,260"
"2019-12-20,250"
"2019-12-20,250"
"2019-12-20,250"
"2019-12-20,250"
"2019-12-20,220"
"2019-12-20,220"
"2019-12-20,220"
"2019-12-20,220"
"2019-12-20,130"
"2019-12-20,130"
"2019-12-20,140"
"2019-12-20,140"
"2019-12-20,140"
"2019-12-20,140"
"2019-12-20,140"
"2019-12-20,140"
"2019-12-20,130"
"2019-12-20,140"
"2019-12-20,130"
"2019-12-20,140"
"2019-12-20,120"
"2019-12-20,130"
"2019-12-20,130"
"2019-12-20,130"
"2019-12-20,130"
"2019-12-20,130"
"2019-12-20,130"
"2019-12-20,130"
"2019-12-20,130"
"2019-12-20,120"
"2019-12-20,120"
"2019-12-20,130"
"2019-12-20,130"
"2019-12-20,130"
"2019-12-20,130"
"2019-12-20,110"
"2019-12-20,130"
"2019-12-20,150"
"2019-12-20,170"
"2019-12-20,240"
"2019-12-20,240"
"2019-12-20,230"
"2019-12-20,210"
"2019-12-20,200"
"2019-12-20,180"
"2019-12-20,180"
"2019-12-21,160"
"2019-12-21,160"
"2019-12-21,150"
"2019-12-21,140"
"2019-12-21,140"
"2019-12-21,130"
"2019-12-21,140"
"2019-12-21,140"
"2019-12-21,130"
"2019-12-21,140"
"2019-12-21,140"
"2019-12-21,140"
"2019-12-21,130"
"2019-12-21,120"
"2019-12-21,140"
"2019-12-21,130"
"2019-12-21,130"
"2019-12-21,130"
"2019-12-21,130"
"2019-12-21,130"
"2019-12-21,120"
"2019-12-21,120"
"2019-12-21,110"
"2019-12-21,110"
"2019-12-21,110"
"2019-12-21,100"
"2019-12-21,110"
"2019-12-21,100"
"2019-12-21,100"
"2019-12-21,100"
"2019-12-21,100"
"2019-12-21,110"
"2019-12-21,100"
"2019-12-21,100"
"2019-12-21,110"
"2019-12-21,110"
"2019-12-21,110"
"2019-12-21,110"
"2019-12-21,110"
"2019-12-21,110"
"2019-12-21,110"
"2019-12-21,100"
"2019-12-21,100"
"2019-12-21,110"
"2019-12-21,110"
"2019-12-21,110"
"2019-12-21,110"
"2019-12-22,100"
"2019-12-22,110"
"2019-12-22,100"
"2019-12-22,100"
"2019-12-22,100"
"2019-12-22,100"
"2019-12-22,90"
"2019-12-22,100"
"2019-12-22,100"
"2019-12-22,100"
"2019-12-22,100"
"2019-12-22,100"
"2019-12-22,100"
"2019-12-22,100"
"2019-12-22,100"
"2019-12-22,100"
"2019-12-22,100"
"2019-12-22,100"
"2019-12-22,110"
"2019-12-22,110"
"2019-12-22,100"
"2019-12-22,80"
"2019-12-22,100"
"2019-12-22,100"
"2019-12-22,90"
"2019-12-22,90"
"2019-12-22,90"
"2019-12-22,90"
"2019-12-22,90"
"2019-12-22,110"
"2019-12-22,110"
"2019-12-22,180"
"2019-12-22,220"
"2019-12-22,220"
"2019-12-22,260"
"2019-12-22,260"
"2019-12-22,250"
"2019-12-22,240"
"2019-12-22,240"
"2019-12-22,220"
"2019-12-22,220"
"2019-12-22,210"
"2019-12-22,210"
"2019-12-22,210"
"2019-12-22,200"
"2019-12-22,200"
"2019-12-22,190"
"2019-12-22,180"
"2019-12-23,180"
"2019-12-23,190"
"2019-12-23,160"
"2019-12-23,180"
"2019-12-23,160"
"2019-12-23,180"
"2019-12-23,180"
"2019-12-23,180"
"2019-12-23,180"
"2020-01-01,400"
"2020-01-01,380"
"2020-01-01,380"
"2020-01-01,380"
"2020-01-01,370"
"2020-01-01,390"
"2020-01-01,370"
"2020-01-01,380"
"2020-01-01,370"
"2020-01-01,370"
"2020-01-01,350"
"2020-01-01,1470"
"2020-01-01,1440"
"2020-01-01,1590"
"2020-01-01,1360"
"2020-01-01,1130"
"2020-01-01,980"
"2020-01-01,960"
"2020-01-01,800"
"2020-01-01,730"
"2020-01-01,650"
"2020-01-01,570"
"2020-01-01,530"
"2020-01-01,550"
"2020-01-01,500"
"2020-01-01,540"
"2020-01-01,420"
"2020-01-01,320"
"2020-01-01,320"
"2020-01-01,300"
"2020-01-01,260"
"2020-01-01,130"
"2020-01-01,-20"
"2020-01-02,-50"
"2020-01-02,-50"
"2020-01-02,-50"
"2020-01-02,-50"
"2020-01-02,-50"
"2020-01-02,-50"
"2020-01-02,-50"
"2020-01-02,-10"
"2020-01-02,40"
"2020-01-02,20"
"2020-01-02,10"
"2020-01-02,10"
"2020-01-02,-10"
"2020-01-02,-20"
"2020-01-02,-30"
"2020-01-02,-40"
"2020-01-02,-40"
"2020-01-02,-40"
"2020-01-02,-50"
"2020-01-02,-50"
"2020-01-02,-50"
"2020-01-03,100"
"2020-01-08,-100"
"2020-01-08,250"
"2020-01-08,280"
"2020-01-08,300"
"2020-01-08,310"
"2020-01-08,320"
"2020-01-08,540"
"2020-01-08,510"
"2020-01-08,490"
"2020-01-08,460"
"2020-01-08,430"
"2020-01-08,400"
"2020-01-08,390"
"2020-01-08,380"
"2020-01-08,380"
"2020-01-08,380"
"2020-01-08,380"
"2020-01-08,370"
"2020-01-08,360"
"2020-01-08,350"
"2020-01-08,340"
"2020-01-08,340"
"2020-01-08,330"
"2020-01-08,320"
"2020-01-08,320"
"2020-01-09,320"
"2020-01-09,310"
"2020-01-09,300"
"2020-01-09,300"
"2020-01-09,290"
"2020-01-09,290"
"2020-01-09,270"
"2020-01-09,1170"
"2020-01-09,1170"
"2020-01-09,1160"
"2020-01-09,1130"
"2020-01-09,1130"
"2020-01-09,1170"
"2020-01-09,1170"
"2020-01-09,1100"
"2020-01-09,1060"
"2020-01-09,1000"
"2020-01-09,1010"
"2020-01-09,930"
"2020-01-09,910"
"2020-01-09,830"
"2020-01-09,820"
"2020-01-09,810"
"2020-01-20,70"
"2020-01-22,150"
"2020-01-22,150"
"2020-01-22,120"
"2020-01-28,100"
"2020-01-28,100"
"2020-01-28,190"
"2020-01-28,140"
"2020-01-28,130"
"2020-01-28,140"
"2020-01-28,140"
"2020-01-28,140"
"2020-01-28,130"
"2020-01-28,130"
"2020-01-28,130"
"2020-01-28,130"
"2020-01-28,140"
"2020-01-28,130"
"2020-01-28,130"
"2020-01-28,140"
"2020-01-28,130"
"2020-01-28,130"
"2020-01-28,140"
"2020-01-28,150"
"2020-01-28,140"
"2020-01-29,130"
"2020-01-29,140"
"2020-01-29,130"
"2020-01-29,120"
"2020-01-29,130"
"2020-01-29,140"
"2020-01-29,120"
"2020-01-29,120"
"2020-01-29,130"
"2020-01-29,130"
"2020-01-29,130"
"2020-01-29,120"
"2020-01-29,140"
"2020-01-29,130"
"2020-01-29,120"
"2020-01-29,120"
"2020-01-29,120"
"2020-01-29,140"
"2020-01-29,160"
"2020-01-29,160"
"2020-01-29,150"
"2020-01-29,160"
"2020-01-29,150"
"2020-01-29,130"
"2020-01-29,150"
"2020-01-29,170"
"2020-01-29,210"
"2020-01-29,240"
"2020-01-29,170"
"2020-01-29,190"
"2020-01-29,170"
"2020-01-29,230"
"2020-01-29,230"
"2020-01-29,200"
"2020-01-29,230"
"2020-01-29,230"
"2020-01-29,220"
"2020-01-29,220"
"2020-01-29,200"
"2020-01-29,210"
"2020-01-29,210"
"2020-01-29,180"
"2020-01-29,200"
"2020-01-29,200"
"2020-01-29,190"
"2020-01-29,150"
"2020-01-29,150"
"2020-01-29,160"
"2020-01-30,170"
"2020-01-30,150"
"2020-01-30,160"
"2020-01-30,280"
"2020-01-30,250"
"2020-01-30,320"
"2020-01-30,370"
"2020-01-30,580"
"2020-01-30,460"
"2020-01-30,580"
"2020-01-30,560"
"2020-01-30,510"
"2020-01-30,480"
"2020-01-30,440"
"2020-01-30,430"
"2020-01-30,280"
"2020-01-30,360"
"2020-01-30,300"
"2020-01-30,280"
"2020-01-30,280"
"2020-01-30,310"
"2020-01-30,300"
"2020-01-30,310"
"2020-01-30,310"
"2020-01-30,290"
"2020-01-30,290"
"2020-01-30,270"
"2020-01-30,270"
"2020-01-30,240"
"2020-01-30,120"
"2020-01-30,150"
"2020-01-30,80"
"2020-01-30,110"
"2020-01-30,50"
"2020-01-30,60"
"2020-01-30,50"
"2020-01-30,50"
"2020-01-30,60"
"2020-01-30,90"
"2020-01-30,90"
"2020-01-30,90"
"2020-01-30,70"
"2020-01-30,120"
"2020-01-30,140"
"2020-01-30,140"
"2020-01-30,140"
"2020-01-31,120"
"2020-01-31,110"
"2020-01-31,120"
"2020-01-31,110"
"2020-01-31,100"
"2020-01-31,90"
"2020-01-31,90"
"2020-01-31,100"
"2020-01-31,100"
"2020-01-31,100"
"2020-01-31,90"
"2020-01-31,90"
"2020-01-31,90"
"2020-01-31,90"
"2020-01-31,70"
"2020-01-31,80"
"2020-01-31,80"
"2020-01-31,90"
"2020-01-31,80"
"2020-01-31,70"
"2020-01-31,60"
"2020-01-31,50"
"2020-01-31,80"
"2020-01-31,120"
"2020-01-31,110"
"2020-01-31,110"
"2020-01-31,100"
"2020-01-31,110"
"2020-01-31,110"
"2020-01-31,90"
"2020-01-31,60"
"2020-01-31,30"
"2020-01-31,50"
"2020-01-31,20"
"2020-01-31,-20"
"2020-01-31,-30"
"2020-01-31,-60"
"2020-01-31,-60"
"2020-01-31,-70"
"2020-01-31,-60"
"2020-01-31,-100"
"2020-01-31,-140"
"2020-01-31,-180"
"2020-01-31,-200"
"2020-01-31,-220"
"2020-01-31,-70"
"2020-01-31,-60"
"2020-01-31,-50"
"2020-02-01,-60"
"2020-02-01,-70"
"2020-02-01,-40"
"2020-02-01,-40"
"2020-02-01,-40"
"2020-02-01,-50"
"2020-02-01,-40"
"2020-02-01,-40"
"2020-02-01,-30"
"2020-02-01,-30"
"2020-02-01,-30"
"2020-02-01,-40"
"2020-02-01,-50"
"2020-02-01,-50"
"2020-02-01,-50"
"2020-02-01,-60"
"2020-02-01,-60"
"2020-02-01,-60"
"2020-02-01,-60"
"2020-02-01,-50"
"2020-02-01,-60"
"2020-02-01,-60"
"2020-02-01,-70"
"2020-02-01,-80"
"2020-02-01,-100"
"2020-02-01,-120"
"2020-02-01,-130"
"2020-02-01,-120"
"2020-02-01,-120"
"2020-02-01,-130"
"2020-02-01,-140"
"2020-02-01,-150"
"2020-02-01,-180"
"2020-02-01,-200"
"2020-02-01,-210"
"2020-02-01,-220"
"2020-02-01,-220"
"2020-02-01,-230"
"2020-02-01,-220"
"2020-02-01,-200"
"2020-02-01,-220"
"2020-02-02,-280"
"2020-02-02,-290"
"2020-02-02,-300"
"2020-02-02,-260"
"2020-02-02,-250"
"2020-02-02,-240"
"2020-02-02,-240"
"2020-02-02,-240"
"2020-02-02,-240"
"2020-02-02,-240"
"2020-02-02,-230"
"2020-02-02,-230"
"2020-02-02,-220"
"2020-02-02,-270"
"2020-02-02,-280"
"2020-02-02,-280"
"2020-02-02,-290"
"2020-02-02,-300"
"2020-02-02,-300"
"2020-02-02,-300"
"2020-02-02,-300"
"2020-02-02,-300"
"2020-02-02,-270"
"2020-02-02,-270"
"2020-02-02,-280"
"2020-02-02,-290"
"2020-02-02,-290"
"2020-02-02,-290"
"2020-02-02,-300"
"2020-02-02,-300"
"2020-02-02,-310"
"2020-02-02,-310"
"2020-02-02,-320"
"2020-02-02,-310"
"2020-02-02,-300"
"2020-02-02,-300"
"2020-02-02,-300"
"2020-02-02,-310"
"2020-02-02,-300"
"2020-02-02,-290"
"2020-02-02,-290"
"2020-02-02,-300"
"2020-02-02,-310"
"2020-02-02,-320"
"2020-02-02,-320"
"2020-02-02,-320"
"2020-02-03,-320"
"2020-02-03,-310"
"2020-02-03,-310"
"2020-02-03,-310"
"2020-02-03,-310"
"2020-02-03,-310"
"2020-02-03,-310"
"2020-02-03,-310"
"2020-02-03,-310"
"2020-02-03,-310"
"2020-02-03,-310"
"2020-02-03,-310"
"2020-02-03,-300"
"2020-02-03,-290"
"2020-02-03,-290"
"2020-02-03,-290"
"2020-02-03,-280"
"2020-02-03,-270"
"2020-02-03,-270"
"2020-02-03,-280"
"2020-02-03,-290"
"2020-02-03,-290"
"2020-02-03,-310"
"2020-02-03,-320"
"2020-02-03,-340"
"2020-02-03,-340"
"2020-02-03,-340"
"2020-02-03,-340"
"2020-02-03,-330"
"2020-02-03,-330"
"2020-02-03,-320"
"2020-02-03,-340"
"2020-02-03,-340"
"2020-02-03,-330"
"2020-02-03,-320"
"2020-02-03,-330"
"2020-02-03,-330"
"2020-02-03,-330"
"2020-02-03,-330"
"2020-02-03,-330"
"2020-02-03,-320"
"2020-02-03,-340"
"2020-02-03,-340"
"2020-02-03,-340"
"2020-02-03,-330"
"2020-02-03,-350"
"2020-02-03,-350"
"2020-02-03,-340"
"2020-02-04,-340"
"2020-02-04,-330"
"2020-02-04,-330"
"2020-02-04,-330"
"2020-02-04,-330"
"2020-02-04,-340"
"2020-02-04,-340"
"2020-02-04,-340"
"2020-02-04,-340"
"2020-02-04,-330"
"2020-02-04,-320"
"2020-02-04,-310"
"2020-02-04,-310"
"2020-02-04,-320"
"2020-02-04,-320"
"2020-02-04,-320"
"2020-02-04,-320"
"2020-02-04,-340"
"2020-02-04,-340"
"2020-02-04,-350"
"2020-02-04,-350"
"2020-02-04,-350"
"2020-02-04,-350"
"2020-02-04,-330"
"2020-02-04,-290"
"2020-02-04,-320"
"2020-02-04,-330"
"2020-02-04,-330"
"2020-02-04,-270"
"2020-02-04,-260"
"2020-02-04,-280"
"2020-02-04,-290"
"2020-02-04,-290"
"2020-02-04,-300"
"2020-02-04,-300"
"2020-02-04,-310"
"2020-02-04,-320"
"2020-02-04,-330"
"2020-02-04,-330"
"2020-02-04,-330"
"2020-02-04,-330"
"2020-02-04,-330"
"2020-02-04,-330"
"2020-02-04,-340"
"2020-02-04,-340"
"2020-02-04,-360"
"2020-02-04,-360"
"2020-02-04,-350"
"2020-02-05,-340"
"2020-02-05,-330"
"2020-02-05,-310"
"2020-02-05,-300"
"2020-02-05,-300"
"2020-02-05,-310"
"2020-02-05,-320"
"2020-02-05,-320"
"2020-02-05,-320"
"2020-02-05,-320"
"2020-02-05,-310"
"2020-02-05,-310"
"2020-02-05,-310"
"2020-02-05,-320"
"2020-02-05,-320"
"2020-02-05,-320"
"2020-02-05,-310"
"2020-02-05,-310"
"2020-02-05,-310"
"2020-02-05,-320"
"2020-02-05,-320"
"2020-02-05,-330"
"2020-02-05,-330"
"2020-02-05,-330"
"2020-02-05,-340"
"2020-02-05,-340"
"2020-02-05,-340"
"2020-02-05,-340"
"2020-02-05,-340"
"2020-02-05,-340"
"2020-02-05,-340"
"2020-02-05,-340"
"2020-02-05,-250"
"2020-02-05,140"
"2020-02-05,460"
"2020-02-05,700"
"2020-02-05,690"
"2020-02-05,540"
"2020-02-05,410"
"2020-02-05,350"
"2020-02-05,320"
"2020-02-05,270"
"2020-02-05,230"
"2020-02-05,190"
"2020-02-05,180"
"2020-02-05,160"
"2020-02-05,160"
"2020-02-05,150"
"2020-02-06,140"
"2020-02-06,130"
"2020-02-06,120"
"2020-02-06,110"
"2020-02-06,100"
"2020-02-06,160"
"2020-02-06,130"
"2020-02-06,110"
"2020-02-06,100"
"2020-02-06,100"
"2020-02-06,90"
"2020-02-06,90"
"2020-02-06,90"
"2020-02-06,90"
"2020-02-06,90"
"2020-02-06,90"
"2020-02-06,90"
"2020-02-06,80"
"2020-02-06,120"
"2020-02-06,160"
"2020-02-06,140"
"2020-02-06,120"
"2020-02-06,120"
"2020-02-06,120"
"2020-02-06,120"
"2020-02-06,120"
"2020-02-06,120"
"2020-02-06,120"
"2020-02-06,120"
"2020-02-06,120"
"2020-02-06,120"
"2020-02-06,110"
"2020-02-06,120"
"2020-02-06,120"
"2020-02-06,120"
"2020-02-06,110"
"2020-02-06,110"
"2020-02-06,110"
"2020-02-06,110"
"2020-02-06,110"
"2020-02-06,100"
"2020-02-06,100"
"2020-02-06,100"
"2020-02-06,100"
"2020-02-06,100"
"2020-02-06,100"
"2020-02-06,100"
"2020-02-07,100"
"2020-02-07,100"
"2020-02-07,100"
"2020-02-07,100"
"2020-02-07,100"
"2020-02-07,100"
"2020-02-07,100"
"2020-02-07,90"
"2020-02-07,90"
"2020-02-07,90"
"2020-02-07,90"
"2020-02-07,90"
"2020-02-07,90"
"2020-02-07,90"
"2020-02-07,90"
"2020-02-07,90"
"2020-02-07,90"
"2020-02-07,90"
"2020-02-07,90"
"2020-02-07,90"
"2020-02-07,90"
"2020-02-07,90"
"2020-02-07,80"
"2020-02-07,70"
"2020-02-07,60"
"2020-02-07,70"
"2020-02-07,70"
"2020-02-07,70"
"2020-02-07,70"
"2020-02-07,70"
"2020-02-07,70"
"2020-02-07,80"
"2020-02-07,80"
"2020-02-07,100"
"2020-02-07,260"
"2020-02-07,440"
"2020-02-07,530"
"2020-02-07,820"
"2020-02-07,780"
"2020-02-07,650"
"2020-02-07,590"
"2020-02-07,680"
"2020-02-07,740"
"2020-02-07,990"
"2020-02-07,970"
"2020-02-07,900"
"2020-02-07,870"
"2020-02-07,780"
"2020-02-07,610"
"2020-02-08,530"
"2020-02-08,490"
"2020-02-08,640"
"2020-02-08,730"
"2020-02-08,660"
"2020-02-08,570"
"2020-02-08,450"
"2020-02-08,410"
"2020-02-08,370"
"2020-02-08,340"
"2020-02-08,310"
"2020-02-08,300"
"2020-02-08,300"
"2020-02-08,330"
"2020-02-08,340"
"2020-02-08,330"
"2020-02-08,290"
"2020-02-08,320"
"2020-02-08,320"
"2020-02-08,290"
"2020-02-08,260"
"2020-02-08,240"
"2020-02-08,210"
"2020-02-08,210"
"2020-02-08,200"
"2020-02-08,190"
"2020-02-08,190"
"2020-02-08,180"
"2020-02-08,180"
"2020-02-08,170"
"2020-02-08,170"
"2020-02-08,150"
"2020-02-08,150"
"2020-02-08,130"
"2020-02-08,130"
"2020-02-08,130"
"2020-02-08,120"
"2020-02-08,120"
"2020-02-08,110"
"2020-02-08,100"
"2020-02-08,110"
"2020-02-08,90"
"2020-02-08,80"
"2020-02-08,70"
"2020-02-08,70"
"2020-02-08,70"
"2020-02-08,60"
"2020-02-08,60"
"2020-02-09,60"
"2020-02-09,60"
"2020-02-09,60"
"2020-02-09,50"
"2020-02-09,50"
"2020-02-09,50"
"2020-02-09,50"
"2020-02-09,50"
"2020-02-09,50"
"2020-02-09,40"
"2020-02-09,40"
"2020-02-09,30"
"2020-02-09,30"
"2020-02-09,30"
"2020-02-09,20"
"2020-02-09,20"
"2020-02-09,80"
"2020-02-09,150"
"2020-02-09,160"
"2020-02-09,150"
"2020-02-09,140"
"2020-02-09,130"
"2020-02-09,110"
"2020-02-09,100"
"2020-02-09,90"
"2020-02-09,80"
"2020-02-09,80"
"2020-02-09,70"
"2020-02-09,70"
"2020-02-09,50"
"2020-02-09,50"
"2020-02-09,40"
"2020-02-09,30"
"2020-02-09,20"
"2020-02-09,20"
"2020-02-09,-10"
"2020-02-09,-20"
"2020-02-09,-20"
"2020-02-09,-30"
"2020-02-09,-40"
"2020-02-09,-40"
"2020-02-09,-40"
"2020-02-09,-50"
"2020-02-09,-60"
"2020-02-09,-60"
"2020-02-09,-60"
"2020-02-10,-60"
"2020-02-10,-60"
"2020-02-10,-60"
"2020-02-10,-60"
"2020-02-10,-70"
"2020-02-10,-70"
"2020-02-10,-70"
"2020-02-10,-70"
"2020-02-10,-70"
"2020-02-10,-70"
"2020-02-10,-70"
"2020-02-10,-70"
"2020-02-10,-70"
"2020-02-10,-70"
"2020-02-10,-70"
"2020-02-10,-80"
"2020-02-10,-80"
"2020-02-11,-250"
"2020-02-11,-250"
"2020-02-11,-250"
"2020-02-11,-240"
"2020-02-11,-240"
"2020-02-11,-240"
"2020-02-11,-240"
"2020-02-11,-240"
"2020-02-12,-240"
"2020-02-12,-230"
"2020-02-12,-240"
"2020-02-12,-240"
"2020-02-12,-240"
"2020-02-12,-240"
"2020-02-12,-240"
"2020-02-12,-240"
"2020-02-12,-240"
"2020-02-12,-240"
"2020-02-12,-240"
"2020-02-12,-250"
"2020-02-12,-240"
"2020-02-12,-240"
"2020-02-12,-240"
"2020-02-12,-250"
"2020-02-12,-250"
"2020-02-18,580"
"2020-02-19,340"
"2020-02-19,310"
"2020-02-19,300"
"2020-02-19,310"
"2020-02-19,300"
"2020-02-19,300"
"2020-02-19,290"
"2020-02-19,300"
"2020-02-19,300"
"2020-02-19,290"
"2020-02-19,290"
"2020-02-19,290"
"2020-02-19,280"
"2020-02-19,280"
"2020-02-19,280"
"2020-02-19,270"
"2020-02-19,240"
"2020-02-19,280"
"2020-02-19,290"
"2020-02-19,290"
"2020-02-19,260"
"2020-02-19,300"
"2020-02-19,210"
"2020-02-19,220"
"2020-02-19,220"
"2020-02-19,320"
"2020-02-19,280"
"2020-02-19,320"
"2020-02-19,320"
"2020-02-19,310"
"2020-02-19,290"
"2020-02-20,300"
"2020-02-20,280"
"2020-02-20,280"
"2020-02-20,260"
"2020-02-20,300"
"2020-02-20,280"
"2020-02-20,280"
"2020-02-20,420"
"2020-02-20,560"
"2020-02-20,1040"
"2020-02-20,1990"
"2020-02-20,1750"
"2020-02-20,1530"
"2020-02-20,1370"
"2020-02-20,1260"
"2020-02-20,1140"
"2020-02-20,1030"
"2020-02-20,990"
"2020-02-20,890"
"2020-02-20,890"
"2020-02-20,810"
"2020-02-20,760"
"2020-02-20,710"
"2020-02-20,690"
"2020-02-20,660"
"2020-02-20,650"
"2020-02-20,670"
"2020-02-20,710"
"2020-02-20,790"
"2020-02-20,960"
"2020-02-20,910"
"2020-02-20,950"
"2020-02-20,840"
"2020-02-20,920"
"2020-02-20,800"
"2020-02-20,780"
"2020-02-20,710"
"2020-02-20,680"
"2020-02-20,660"
"2020-02-20,640"
"2020-02-20,720"
"2020-02-20,670"
"2020-02-20,630"
"2020-02-20,610"
"2020-02-20,640"
"2020-02-20,560"
"2020-02-20,560"
"2020-02-20,580"
"2020-02-21,550"
"2020-02-21,540"
"2020-02-21,590"
"2020-02-21,560"
"2020-02-21,560"
"2020-02-21,580"
"2020-02-21,540"
"2020-02-21,540"
"2020-02-21,550"
"2020-02-21,530"
"2020-02-21,540"
"2020-02-21,530"
"2020-02-21,480"
"2020-02-21,490"
"2020-02-21,510"
"2020-02-21,500"
"2020-02-21,610"
"2020-02-21,680"
"2020-02-21,680"
"2020-02-21,680"
"2020-02-21,660"
"2020-02-21,610"
"2020-02-21,590"
"2020-02-21,560"
"2020-02-21,620"
"2020-02-21,630"
"2020-02-21,580"
"2020-02-21,580"
"2020-02-21,610"
"2020-02-21,570"
"2020-02-21,550"
"2020-02-21,510"
"2020-02-21,490"
"2020-02-21,530"
"2020-02-21,420"
"2020-02-21,420"
"2020-02-21,410"
"2020-02-21,400"
"2020-02-21,400"
"2020-02-21,390"
"2020-02-21,370"
"2020-02-21,390"
"2020-02-21,440"
"2020-02-21,390"
"2020-02-21,400"
"2020-02-21,420"
"2020-02-21,400"
"2020-02-21,430"
"2020-02-22,430"
"2020-02-22,340"
"2020-02-22,350"
"2020-02-22,370"
"2020-02-22,410"
"2020-02-22,380"
"2020-02-22,370"
"2020-02-22,400"
"2020-02-22,380"
"2020-02-22,390"
"2020-02-22,410"
"2020-02-22,410"
"2020-02-22,390"
"2020-02-22,380"
"2020-02-22,420"
"2020-02-22,440"
"2020-02-22,470"
"2020-02-22,440"
"2020-02-22,420"
"2020-02-22,360"
"2020-02-22,330"
"2020-02-22,390"
"2020-02-22,370"
"2020-02-22,370"
"2020-02-22,360"
"2020-02-22,360"
"2020-02-22,300"
"2020-02-22,360"
"2020-02-22,350"
"2020-02-22,340"
"2020-02-22,350"
"2020-02-22,340"
"2020-02-22,340"
"2020-02-22,340"
"2020-02-22,340"
"2020-02-22,360"
"2020-02-22,360"
"2020-02-22,360"
"2020-02-22,330"
"2020-02-22,330"
"2020-02-22,320"
"2020-02-22,320"
"2020-02-22,310"
"2020-02-22,300"
"2020-02-22,300"
"2020-02-22,310"
"2020-02-22,310"
"2020-02-22,310"
"2020-02-23,300"
"2020-02-23,300"
"2020-02-23,290"
"2020-02-23,310"
"2020-02-23,290"
"2020-02-23,310"
"2020-02-23,290"
"2020-02-23,310"
"2020-02-23,290"
"2020-02-23,290"
"2020-02-23,310"
"2020-02-23,310"
"2020-02-23,310"
"2020-02-23,300"
"2020-02-23,300"
"2020-02-23,310"
"2020-02-23,320"
"2020-02-23,300"
"2020-02-23,320"
"2020-02-23,320"
"2020-02-23,320"
"2020-02-23,320"
"2020-02-23,320"
"2020-02-23,310"
"2020-02-23,310"
"2020-02-23,300"
"2020-02-23,310"
"2020-02-23,310"
"2020-02-23,340"
"2020-02-23,360"
"2020-02-23,380"
"2020-02-23,390"
"2020-02-23,350"
"2020-02-23,380"
"2020-02-23,360"
"2020-02-23,340"
"2020-02-23,380"
"2020-02-23,380"
"2020-02-23,380"
"2020-02-23,370"
"2020-02-23,350"
"2020-02-23,350"
"2020-02-23,350"
"2020-02-23,350"
"2020-02-23,340"
"2020-02-23,350"
"2020-02-23,340"
"2020-02-23,320"
"2020-02-24,340"
"2020-02-24,350"
"2020-02-24,330"
"2020-02-24,340"
"2020-02-24,320"
"2020-02-24,340"
"2020-02-24,370"
"2020-02-24,740"
"2020-02-24,930"
"2020-02-24,930"
"2020-02-24,990"
"2020-02-24,990"
"2020-02-24,1080"
"2020-02-24,1250"
"2020-02-24,1160"
"2020-02-24,1000"
"2020-02-24,930"
"2020-02-24,870"
"2020-02-24,860"
"2020-02-24,860"
"2020-02-24,860"
"2020-02-24,860"
"2020-02-24,780"
"2020-02-24,780"
"2020-02-24,730"
"2020-02-24,690"
"2020-02-24,730"
"2020-02-24,710"
"2020-02-24,720"
"2020-02-24,750"
"2020-02-24,740"
"2020-02-24,710"
"2020-02-24,690"
"2020-02-24,620"
"2020-02-24,620"
"2020-02-24,580"
"2020-02-24,590"
"2020-02-24,570"
"2020-02-24,560"
"2020-02-24,520"
"2020-02-24,520"
"2020-02-24,510"
"2020-02-24,500"
"2020-02-24,500"
"2020-02-24,490"
"2020-02-24,490"
"2020-02-24,480"
"2020-02-24,480"
"2020-02-25,480"
"2020-02-25,470"
"2020-02-25,480"
"2020-02-25,470"
"2020-02-25,480"
"2020-02-25,520"
"2020-02-25,620"
"2020-02-25,630"
"2020-02-25,640"
"2020-02-25,620"
"2020-02-25,580"
"2020-02-25,530"
"2020-02-25,530"
"2020-02-25,530"
"2020-02-25,530"
"2020-02-25,530"
"2020-02-25,540"
"2020-02-25,550"
"2020-02-25,540"
"2020-02-25,520"
"2020-02-25,500"
"2020-02-25,470"
"2020-02-25,450"
"2020-02-25,460"
"2020-02-25,450"
"2020-02-25,440"
"2020-02-25,440"
"2020-02-25,420"
"2020-02-25,440"
"2020-02-25,450"
"2020-02-25,450"
"2020-02-25,440"
"2020-02-25,430"
"2020-02-25,410"
"2020-02-25,410"
"2020-02-25,400"
"2020-02-25,410"
"2020-02-25,390"
"2020-02-25,410"
"2020-02-25,390"
"2020-02-25,390"
"2020-02-25,390"
"2020-02-25,370"
"2020-02-25,380"
"2020-02-25,360"
"2020-02-25,360"
"2020-02-25,370"
"2020-02-25,350"
"2020-02-26,360"
"2020-02-26,360"
"2020-02-26,350"
"2020-02-26,360"
"2020-02-26,340"
"2020-02-26,340"
"2020-02-26,340"
"2020-02-26,330"
"2020-02-26,360"
"2020-02-26,340"
"2020-02-26,340"
"2020-02-26,330"
"2020-02-26,350"
"2020-02-26,330"
"2020-02-26,330"
"2020-02-26,320"
"2020-02-26,340"
"2020-02-26,320"
"2020-02-26,320"
"2020-02-26,320"
"2020-02-26,320"
"2020-02-26,320"
"2020-02-26,320"
"2020-02-26,310"
"2020-02-26,310"
"2020-02-26,310"
"2020-02-26,300"
"2020-02-26,300"
"2020-02-26,290"
"2020-02-26,290"
"2020-02-26,300"
"2020-02-26,290"
"2020-02-26,280"
"2020-02-26,280"
"2020-02-26,280"
"2020-02-26,280"
"2020-02-26,290"
"2020-02-26,280"
"2020-02-26,270"
"2020-02-26,270"
"2020-02-26,280"
"2020-02-26,280"
"2020-02-26,260"
"2020-02-26,270"
"2020-02-26,280"
"2020-02-26,280"
"2020-02-26,270"
"2020-02-26,260"
"2020-02-27,280"
"2020-02-27,260"
"2020-02-27,260"
"2020-02-27,260"
"2020-02-27,260"
"2020-02-27,250"
"2020-02-27,250"
"2020-02-27,250"
"2020-02-27,250"
"2020-02-27,260"
"2020-02-27,250"
"2020-02-27,250"
"2020-02-27,250"
"2020-02-27,240"
"2020-02-27,240"
"2020-02-27,250"
"2020-02-27,340"
"2020-02-27,560"
"2020-02-27,570"
"2020-02-27,550"
"2020-02-27,520"
"2020-02-27,510"
"2020-02-27,490"
"2020-02-27,490"
"2020-02-27,450"
"2020-02-27,450"
"2020-02-27,450"
"2020-02-27,480"
"2020-02-27,460"
"2020-02-27,450"
"2020-02-27,440"
"2020-02-27,420"
"2020-02-27,420"
"2020-02-27,400"
"2020-02-27,430"
"2020-02-27,410"
"2020-02-27,410"
"2020-02-27,420"
"2020-02-27,420"
"2020-02-27,400"
"2020-02-27,410"
"2020-02-27,420"
"2020-02-27,430"
"2020-02-27,440"
"2020-02-27,420"
"2020-02-27,410"
"2020-02-27,440"
"2020-02-27,420"
"2020-02-28,430"
"2020-02-28,410"
"2020-02-28,400"
"2020-02-28,410"
"2020-02-28,410"
"2020-02-28,410"
"2020-02-28,410"
"2020-02-28,400"
"2020-02-28,400"
"2020-02-28,400"
"2020-02-28,410"
"2020-02-28,410"
"2020-02-28,410"
"2020-02-28,400"
"2020-02-28,410"
"2020-02-28,400"
"2020-02-28,400"
"2020-02-28,400"
"2020-02-28,390"
"2020-02-28,390"
"2020-02-28,380"
"2020-02-28,380"
"2020-02-28,370"
"2020-02-28,370"
"2020-02-28,360"
"2020-02-28,370"
"2020-02-28,370"
"2020-02-28,360"
"2020-02-28,350"
"2020-02-28,340"
"2020-02-28,340"
"2020-02-28,330"
"2020-02-28,320"
"2020-02-28,320"
"2020-02-28,330"
"2020-02-28,330"
"2020-02-28,330"
"2020-02-28,330"
"2020-02-28,320"
"2020-02-28,320"
"2020-02-28,320"
"2020-02-28,310"
"2020-02-28,310"
"2020-02-28,310"
"2020-02-28,310"
"2020-02-28,310"
"2020-02-28,300"
"2020-02-28,300"
"2020-02-29,300"
"2020-02-29,300"
"2020-02-29,310"
"2020-02-29,300"
"2020-02-29,300"
"2020-02-29,300"
"2020-02-29,300"
"2020-02-29,300"
"2020-02-29,300"
"2020-02-29,300"
"2020-02-29,300"
"2020-02-29,300"
"2020-02-29,300"
"2020-02-29,300"
"2020-02-29,300"
"2020-02-29,300"
"2020-02-29,300"
"2020-02-29,300"
"2020-02-29,290"
"2020-02-29,290"
"2020-02-29,290"
"2020-02-29,290"
"2020-02-29,290"
"2020-02-29,280"
"2020-02-29,300"
"2020-02-29,300"
"2020-02-29,280"
"2020-02-29,280"
"2020-02-29,280"
"2020-02-29,280"
"2020-02-29,280"
"2020-02-29,280"
"2020-02-29,830"
"2020-02-29,870"
"2020-02-29,900"
"2020-02-29,810"
"2020-02-29,690"
"2020-02-29,770"
"2020-02-29,630"
"2020-02-29,720"
"2020-02-29,730"
"2020-02-29,630"
"2020-02-29,520"
"2020-02-29,510"
"2020-02-29,760"
"2020-02-29,690"
"2020-02-29,640"
"2020-02-29,720"
"2020-03-01,640"
"2020-03-01,590"
"2020-03-01,650"
"2020-03-01,590"
"2020-03-01,610"
"2020-03-01,540"
"2020-03-01,580"
"2020-03-01,560"
"2020-03-01,520"
"2020-03-01,510"
"2020-03-01,530"
"2020-03-01,510"
"2020-03-01,500"
"2020-03-01,590"
"2020-03-01,450"
"2020-03-01,580"
"2020-03-01,460"
"2020-03-01,520"
"2020-03-01,530"
"2020-03-01,490"
"2020-03-01,550"
"2020-03-01,410"
"2020-03-01,500"
"2020-03-01,510"
"2020-03-01,530"
"2020-03-01,490"
"2020-03-01,480"
"2020-03-01,460"
"2020-03-01,860"
"2020-03-01,970"
"2020-03-01,830"
"2020-03-01,760"
"2020-03-01,740"
"2020-03-01,750"
"2020-03-01,730"
"2020-03-01,610"
"2020-03-01,670"
"2020-03-01,650"
"2020-03-01,680"
"2020-03-01,590"
"2020-03-01,680"
"2020-03-01,580"
"2020-03-01,650"
"2020-03-01,550"
"2020-03-01,640"
"2020-03-01,620"
"2020-03-01,650"
"2020-03-02,510"
"2020-03-02,590"
"2020-03-02,570"
"2020-03-02,550"
"2020-03-02,570"
"2020-03-02,620"
"2020-03-02,610"
"2020-03-02,490"
"2020-03-02,480"
"2020-03-02,600"
"2020-03-02,610"
"2020-03-02,440"
"2020-03-02,630"
"2020-03-02,500"
"2020-03-02,550"
"2020-03-02,620"
"2020-03-02,600"
"2020-03-02,570"
"2020-03-02,500"
"2020-03-02,440"
"2020-03-02,690"
"2020-03-02,790"
"2020-03-02,590"
"2020-03-02,550"
"2020-03-02,640"
"2020-03-02,450"
"2020-03-02,450"
"2020-03-02,520"
"2020-03-02,560"
"2020-03-02,430"
"2020-03-02,510"
"2020-03-02,530"
"2020-03-02,560"
"2020-03-02,540"
"2020-03-02,480"
"2020-03-02,410"
"2020-03-02,490"
"2020-03-02,370"
"2020-03-02,450"
"2020-03-02,400"
"2020-03-02,470"
"2020-03-02,340"
"2020-03-02,440"
"2020-03-02,370"
"2020-03-02,450"
"2020-03-02,450"
"2020-03-02,400"
"2020-03-02,380"
"2020-03-03,470"
"2020-03-03,430"
"2020-03-03,340"
"2020-03-03,360"
"2020-03-03,440"
"2020-03-03,360"
"2020-03-03,430"
"2020-03-03,430"
"2020-03-03,450"
"2020-03-03,460"
"2020-03-03,390"
"2020-03-03,430"
"2020-03-03,430"
"2020-03-03,450"
"2020-03-03,430"
"2020-03-03,450"
"2020-03-03,460"
"2020-03-03,470"
"2020-03-03,360"
"2020-03-03,430"
"2020-03-03,430"
"2020-03-03,400"
"2020-03-03,360"
"2020-03-03,420"
"2020-03-03,390"
"2020-03-03,390"
"2020-03-03,410"
"2020-03-03,420"
"2020-03-03,400"
"2020-03-03,410"
"2020-03-03,390"
"2020-03-03,400"
"2020-03-03,410"
"2020-03-03,420"
"2020-03-03,460"
"2020-03-03,470"
"2020-03-03,450"
"2020-03-03,400"
"2020-03-03,410"
"2020-03-03,380"
"2020-03-03,370"
"2020-03-03,360"
"2020-03-03,360"
"2020-03-03,360"
"2020-03-03,330"
"2020-03-03,350"
"2020-03-04,360"
"2020-03-04,340"
"2020-03-04,360"
"2020-03-04,360"
"2020-03-04,330"
"2020-03-04,300"
"2020-03-04,300"
"2020-03-04,380"
"2020-03-04,310"
"2020-03-04,310"
"2020-03-04,330"
"2020-03-04,360"
"2020-03-04,320"
"2020-03-04,320"
"2020-03-04,380"
"2020-03-04,310"
"2020-03-04,490"
"2020-03-04,490"
"2020-03-04,540"
"2020-03-04,510"
"2020-03-04,560"
"2020-03-04,550"
"2020-03-04,570"
"2020-03-04,570"
"2020-03-04,480"
"2020-03-04,510"
"2020-03-04,480"
"2020-03-04,450"
"2020-03-04,420"
"2020-03-04,440"
"2020-03-04,430"
"2020-03-04,390"
"2020-03-04,430"
"2020-03-04,390"
"2020-03-04,390"
"2020-03-04,390"
"2020-03-04,400"
"2020-03-04,390"
"2020-03-04,380"
"2020-03-04,370"
"2020-03-04,420"
"2020-03-04,490"
"2020-03-04,500"
"2020-03-04,480"
"2020-03-04,510"
"2020-03-04,510"
"2020-03-05,430"
"2020-03-05,510"
"2020-03-05,500"
"2020-03-05,500"
"2020-03-05,500"
"2020-03-05,440"
"2020-03-05,410"
"2020-03-05,360"
"2020-03-05,370"
"2020-03-05,410"
"2020-03-05,380"
"2020-03-05,400"
"2020-03-05,440"
"2020-03-05,350"
"2020-03-05,390"
"2020-03-05,410"
"2020-03-05,400"
"2020-03-05,430"
"2020-03-05,390"
"2020-03-05,390"
"2020-03-05,460"
"2020-03-05,490"
"2020-03-05,380"
"2020-03-05,370"
"2020-03-05,380"
"2020-03-05,450"
"2020-03-05,370"
"2020-03-05,370"
"2020-03-05,410"
"2020-03-05,360"
"2020-03-05,360"
"2020-03-05,340"
"2020-03-05,390"
"2020-03-05,350"
"2020-03-05,330"
"2020-03-05,350"
"2020-03-05,350"
"2020-03-05,350"
"2020-03-05,370"
"2020-03-05,400"
"2020-03-05,390"
"2020-03-05,340"
"2020-03-05,360"
"2020-03-05,340"
"2020-03-05,340"
"2020-03-05,340"
"2020-03-06,350"
"2020-03-06,370"
"2020-03-06,330"
"2020-03-06,330"
"2020-03-06,340"
"2020-03-06,340"
"2020-03-06,330"
"2020-03-06,330"
"2020-03-06,340"
"2020-03-06,330"
"2020-03-06,330"
"2020-03-06,320"
"2020-03-06,320"
"2020-03-06,330"
"2020-03-06,340"
"2020-03-06,340"
"2020-03-06,400"
"2020-03-06,330"
"2020-03-06,330"
"2020-03-06,330"
"2020-03-06,400"
"2020-03-06,320"
"2020-03-06,370"
"2020-03-06,310"
"2020-03-06,370"
"2020-03-06,310"
"2020-03-06,310"
"2020-03-06,310"
"2020-03-06,360"
"2020-03-06,300"
"2020-03-06,300"
"2020-03-06,350"
"2020-03-06,280"
"2020-03-06,280"
"2020-03-06,280"
"2020-03-06,280"
"2020-03-06,280"
"2020-03-06,280"
"2020-03-06,280"
"2020-03-06,330"
"2020-03-06,350"
"2020-03-06,350"
"2020-03-06,320"
"2020-03-06,400"
"2020-03-06,370"
"2020-03-06,360"
"2020-03-06,330"
"2020-03-06,320"
"2020-03-07,310"
"2020-03-07,300"
"2020-03-07,360"
"2020-03-07,290"
"2020-03-07,350"
"2020-03-07,280"
"2020-03-07,340"
"2020-03-07,340"
"2020-03-07,280"
"2020-03-07,280"
"2020-03-07,280"
"2020-03-07,270"
"2020-03-07,340"
"2020-03-07,330"
"2020-03-07,270"
"2020-03-07,270"
"2020-03-07,270"
"2020-03-07,340"
"2020-03-07,270"
"2020-03-07,260"
"2020-03-07,260"
"2020-03-07,320"
"2020-03-07,320"
"2020-03-07,330"
"2020-03-07,320"
"2020-03-07,330"
"2020-03-07,260"
"2020-03-07,330"
"2020-03-07,260"
"2020-03-07,330"
"2020-03-07,260"
"2020-03-07,310"
"2020-03-07,260"
"2020-03-07,260"
"2020-03-07,260"
"2020-03-07,270"
"2020-03-07,270"
"2020-03-07,270"
"2020-03-07,270"
"2020-03-07,270"
"2020-03-07,270"
"2020-03-07,270"
"2020-03-07,270"
"2020-03-07,270"
"2020-03-07,280"
"2020-03-07,270"
"2020-03-07,270"
"2020-03-07,270"
"2020-03-08,270"
"2020-03-08,270"
"2020-03-08,270"
"2020-03-08,270"
"2020-03-08,270"
"2020-03-08,280"
"2020-03-08,270"
"2020-03-08,330"
"2020-03-08,280"
"2020-03-08,270"
"2020-03-08,280"
"2020-03-08,250"
"2020-03-08,270"
"2020-03-08,260"
"2020-03-08,260"
"2020-03-08,340"
"2020-03-08,330"
"2020-03-08,280"
"2020-03-08,340"
"2020-03-08,330"
"2020-03-08,330"
"2020-03-08,320"
"2020-03-08,320"
"2020-03-08,320"
"2020-03-08,320"
"2020-03-08,320"
"2020-03-08,270"
"2020-03-08,320"
"2020-03-08,260"
"2020-03-08,330"
"2020-03-08,330"
"2020-03-08,330"
"2020-03-08,270"
"2020-03-08,260"
"2020-03-08,310"
"2020-03-08,310"
"2020-03-08,250"
"2020-03-08,300"
"2020-03-08,240"
"2020-03-08,230"
"2020-03-08,280"
"2020-03-08,300"
"2020-03-08,260"
"2020-03-08,310"
"2020-03-08,250"
"2020-03-08,220"
"2020-03-08,250"
"2020-03-09,240"
"2020-03-09,280"
"2020-03-09,300"
"2020-03-09,310"
"2020-03-09,250"
"2020-03-09,300"
"2020-03-09,300"
"2020-03-09,240"
"2020-03-09,240"
"2020-03-09,300"
"2020-03-09,300"
"2020-03-09,240"
"2020-03-09,300"
"2020-03-09,290"
"2020-03-09,300"
"2020-03-09,270"
"2020-03-09,320"
"2020-03-09,240"
"2020-03-09,300"
"2020-03-09,250"
"2020-03-09,260"
"2020-03-09,260"
"2020-03-09,260"
"2020-03-09,250"
"2020-03-09,250"
"2020-03-09,250"
"2020-03-09,250"
"2020-03-09,250"
"2020-03-09,250"
"2020-03-09,250"
"2020-03-09,250"
"2020-03-09,240"
"2020-03-09,250"
"2020-03-09,250"
"2020-03-09,240"
"2020-03-09,240"
"2020-03-09,240"
"2020-03-09,240"
"2020-03-09,240"
"2020-03-09,240"
"2020-03-09,300"
"2020-03-09,300"
"2020-03-09,290"
"2020-03-09,240"
"2020-03-09,250"
"2020-03-09,240"
"2020-03-09,280"
"2020-03-09,300"
"2020-03-10,310"
"2020-03-10,290"
"2020-03-10,240"
"2020-03-10,230"
"2020-03-10,240"
"2020-03-10,290"
"2020-03-10,240"
"2020-03-10,320"
"2020-03-10,290"
"2020-03-10,280"
"2020-03-10,310"
"2020-03-10,250"
"2020-03-10,240"
"2020-03-10,230"
"2020-03-10,310"
"2020-03-10,300"
"2020-03-10,310"
"2020-03-10,320"
"2020-03-10,250"
"2020-03-10,240"
"2020-03-10,250"
"2020-03-10,290"
"2020-03-10,290"
"2020-03-10,280"
"2020-03-10,290"
"2020-03-10,290"
"2020-03-10,290"
"2020-03-10,280"
"2020-03-10,230"
"2020-03-10,230"
"2020-03-10,290"
"2020-03-10,230"
"2020-03-10,290"
"2020-03-10,230"
"2020-03-10,230"
"2020-03-10,220"
"2020-03-10,280"
"2020-03-10,320"
"2020-03-10,230"
"2020-03-10,230"
"2020-03-10,230"
"2020-03-10,230"
"2020-03-10,270"
"2020-03-10,230"
"2020-03-10,280"
"2020-03-10,270"
"2020-03-10,260"
"2020-03-10,290"
"2020-03-11,200"
"2020-03-11,290"
"2020-03-11,210"
"2020-03-11,280"
"2020-03-11,280"
"2020-03-11,210"
"2020-03-11,220"
"2020-03-11,220"
"2020-03-11,290"
"2020-03-11,220"
"2020-03-11,220"
"2020-03-11,210"
"2020-03-11,220"
"2020-03-11,220"
"2020-03-11,220"
"2020-03-11,290"
"2020-03-11,290"
"2020-03-11,220"
"2020-03-11,260"
"2020-03-11,280"
"2020-03-11,270"
"2020-03-11,210"
"2020-03-11,270"
"2020-03-11,270"
"2020-03-11,260"
"2020-03-11,210"
"2020-03-11,270"
"2020-03-11,300"
"2020-03-11,260"
"2020-03-11,260"
"2020-03-11,210"
"2020-03-11,210"
"2020-03-11,260"
"2020-03-11,260"
"2020-03-11,210"
"2020-03-11,290"
"2020-03-11,210"
"2020-03-11,260"
"2020-03-11,280"
"2020-03-11,260"
"2020-03-11,250"
"2020-03-11,200"
"2020-03-11,200"
"2020-03-11,200"
"2020-03-11,200"
"2020-03-11,200"
"2020-03-11,210"
"2020-03-12,210"
"2020-03-12,200"
"2020-03-12,200"
"2020-03-12,200"
"2020-03-12,210"
"2020-03-12,200"
"2020-03-12,200"
"2020-03-12,240"
"2020-03-12,230"
"2020-03-12,270"
"2020-03-12,240"
"2020-03-12,260"
"2020-03-12,250"
"2020-03-12,190"
"2020-03-12,190"
"2020-03-12,190"
"2020-03-12,270"
"2020-03-12,280"
"2020-03-12,260"
"2020-03-12,260"
"2020-03-12,270"
"2020-03-12,270"
"2020-03-12,260"
"2020-03-12,190"
"2020-03-12,260"
"2020-03-12,240"
"2020-03-12,270"
"2020-03-12,230"
"2020-03-12,250"
"2020-03-12,190"
"2020-03-12,190"
"2020-03-12,190"
"2020-03-12,190"
"2020-03-12,210"
"2020-03-12,220"
"2020-03-12,210"
"2020-03-12,200"
"2020-03-12,200"
"2020-03-12,260"
"2020-03-12,160"
"2020-03-12,250"
"2020-03-12,190"
"2020-03-12,230"
"2020-03-12,240"
"2020-03-12,190"
"2020-03-12,190"
"2020-03-12,190"
"2020-03-13,190"
"2020-03-13,190"
"2020-03-13,240"
"2020-03-13,200"
"2020-03-13,220"
"2020-03-13,240"
"2020-03-13,200"
"2020-03-13,200"
"2020-03-13,200"
"2020-03-13,200"
"2020-03-13,250"
"2020-03-13,190"
"2020-03-13,240"
"2020-03-13,270"
"2020-03-13,190"
"2020-03-13,190"
"2020-03-13,230"
"2020-03-13,230"
"2020-03-13,210"
"2020-03-13,180"
"2020-03-13,220"
"2020-03-13,240"
"2020-03-13,180"
"2020-03-13,170"
"2020-03-13,180"
"2020-03-13,230"
"2020-03-13,250"
"2020-03-13,210"
"2020-03-13,220"
"2020-03-13,160"
"2020-03-13,210"
"2020-03-13,150"
"2020-03-13,150"
"2020-03-13,150"
"2020-03-13,150"
"2020-03-13,220"
"2020-03-13,240"
"2020-03-13,240"
"2020-03-13,220"
"2020-03-13,230"
"2020-03-13,230"
"2020-03-13,160"
"2020-03-13,210"
"2020-03-14,210"
"2020-03-14,160"
"2020-03-14,220"
"2020-03-14,200"
"2020-03-14,160"
"2020-03-14,160"
"2020-03-14,210"
"2020-03-14,220"
"2020-03-14,230"
"2020-03-14,220"
"2020-03-14,240"
"2020-03-14,220"
"2020-03-14,240"
"2020-03-14,240"
"2020-03-14,230"
"2020-03-14,170"
"2020-03-14,230"
"2020-03-14,230"
"2020-03-14,160"
"2020-03-14,160"
"2020-03-14,150"
"2020-03-14,150"
"2020-03-14,150"
"2020-03-14,150"
"2020-03-14,150"
"2020-03-14,160"
"2020-03-14,200"
"2020-03-14,210"
"2020-03-14,160"
"2020-03-14,160"
"2020-03-14,150"
"2020-03-14,210"
"2020-03-14,150"
"2020-03-14,150"
"2020-03-14,150"
"2020-03-14,150"
"2020-03-14,150"
"2020-03-14,150"
"2020-03-14,150"
"2020-03-14,150"
"2020-03-14,210"
"2020-03-14,200"
"2020-03-14,210"
"2020-03-14,210"
"2020-03-14,220"
"2020-03-14,150"
"2020-03-14,150"
"2020-03-14,150"
"2020-03-15,150"
"2020-03-15,150"
"2020-03-15,150"
"2020-03-15,140"
"2020-03-15,150"
"2020-03-15,150"
"2020-03-15,150"
"2020-03-15,150"
"2020-03-15,140"
"2020-03-15,140"
"2020-03-15,150"
"2020-03-15,200"
"2020-03-15,150"
"2020-03-15,150"
"2020-03-15,150"
"2020-03-15,150"
"2020-03-15,140"
"2020-03-15,140"
"2020-03-15,210"
"2020-03-15,200"
"2020-03-15,140"
"2020-03-15,140"
"2020-03-15,200"
"2020-03-15,200"
"2020-03-15,140"
"2020-03-15,140"
"2020-03-15,140"
"2020-03-15,140"
"2020-03-15,140"
"2020-03-15,140"
"2020-03-15,140"
"2020-03-15,170"
"2020-03-15,230"
"2020-03-15,230"
"2020-03-15,170"
"2020-03-15,160"
"2020-03-15,150"
"2020-03-15,140"
"2020-03-15,130"
"2020-03-15,130"
"2020-03-15,140"
"2020-03-15,140"
"2020-03-15,140"
"2020-03-15,180"
"2020-03-15,190"
"2020-03-15,190"
"2020-03-15,200"
"2020-03-15,130"
"2020-03-16,130"
"2020-03-16,130"
"2020-03-16,130"
"2020-03-16,130"
"2020-03-16,130"
"2020-03-16,160"
"2020-03-16,160"
"2020-03-16,150"
"2020-03-16,140"
"2020-03-16,130"
"2020-03-16,130"
"2020-03-16,130"
"2020-03-16,130"
"2020-03-16,130"
"2020-03-16,130"
"2020-03-16,130"
"2020-03-16,120"
"2020-03-16,120"
"2020-03-16,120"
"2020-03-16,180"
"2020-03-16,180"
"2020-03-16,120"
"2020-03-16,120"
"2020-03-16,110"
"2020-03-16,160"
"2020-03-16,110"
"2020-03-16,170"
"2020-03-16,110"
"2020-03-16,120"
"2020-03-16,120"
"2020-03-16,130"
"2020-03-16,120"
"2020-03-16,130"
"2020-03-16,140"
"2020-03-16,210"
"2020-03-16,150"
"2020-03-16,210"
"2020-03-16,490"
"2020-03-16,430"
"2020-03-16,330"
"2020-03-16,340"
"2020-03-16,300"
"2020-03-16,330"
"2020-03-16,300"
"2020-03-16,320"
"2020-03-16,290"
"2020-03-16,270"
"2020-03-16,260"
"2020-03-17,280"
"2020-03-17,270"
"2020-03-17,260"
"2020-03-17,230"
"2020-03-17,270"
"2020-03-17,260"
"2020-03-17,210"
"2020-03-17,260"
"2020-03-17,240"
"2020-03-17,270"
"2020-03-17,240"
"2020-03-17,210"
"2020-03-17,270"
"2020-03-17,230"
"2020-03-17,270"
"2020-03-17,270"
"2020-03-17,250"
"2020-03-17,260"
"2020-03-17,260"
"2020-03-17,260"
"2020-03-17,240"
"2020-03-17,230"
"2020-03-17,210"
"2020-03-17,210"
"2020-03-17,220"
"2020-03-17,200"
"2020-03-17,210"
"2020-03-17,210"
"2020-03-17,200"
"2020-03-17,210"
"2020-03-17,200"
"2020-03-17,200"
"2020-03-17,190"
"2020-03-17,190"
"2020-03-17,180"
"2020-03-17,160"
"2020-03-17,180"
"2020-03-17,180"
"2020-03-17,160"
"2020-03-17,160"
"2020-03-17,180"
"2020-03-17,170"
"2020-03-17,200"
"2020-03-17,170"
"2020-03-17,160"
"2020-03-17,170"
"2020-03-17,180"
"2020-03-17,170"
"2020-03-18,170"
"2020-03-18,190"
"2020-03-18,170"
"2020-03-18,160"
"2020-03-18,160"
"2020-03-18,170"
"2020-03-18,160"
"2020-03-18,160"
"2020-03-18,160"
"2020-03-18,150"
"2020-03-18,140"
"2020-03-18,140"
"2020-03-18,160"
"2020-03-18,150"
"2020-03-18,160"
"2020-03-18,140"
"2020-03-18,140"
"2020-03-18,140"
"2020-03-18,150"
"2020-03-18,140"
"2020-03-18,140"
"2020-03-18,140"
"2020-03-18,120"
"2020-03-18,160"
"2020-03-18,180"
"2020-03-18,160"
"2020-03-18,140"
"2020-03-18,140"
"2020-03-18,120"
"2020-03-18,110"
"2020-03-18,100"
"2020-03-18,100"
"2020-03-18,110"
"2020-03-18,90"
"2020-03-18,120"
"2020-03-18,90"
"2020-03-18,120"
"2020-03-18,120"
"2020-03-18,90"
"2020-03-18,90"
"2020-03-18,90"
"2020-03-18,90"
"2020-03-18,90"
"2020-03-18,110"
"2020-03-18,80"
"2020-03-18,80"
"2020-03-18,100"
"2020-03-18,120"
"2020-03-19,80"
"2020-03-19,80"
"2020-03-19,90"
"2020-03-19,80"
"2020-03-19,80"
"2020-03-19,90"
"2020-03-19,80"
"2020-03-19,110"
"2020-03-19,90"
"2020-03-19,110"
"2020-03-19,120"
"2020-03-19,120"
"2020-03-19,140"
"2020-03-19,110"
"2020-03-19,120"
"2020-03-19,130"
"2020-03-19,120"
"2020-03-19,130"
"2020-03-19,130"
"2020-03-19,130"
"2020-03-19,100"
"2020-03-19,100"
"2020-03-19,90"
"2020-03-19,90"
"2020-03-19,110"
"2020-03-19,80"
"2020-03-19,90"
"2020-03-19,100"
"2020-03-19,100"
"2020-03-19,90"
"2020-03-19,90"
"2020-03-19,90"
"2020-03-19,90"
"2020-03-19,90"
"2020-03-19,80"
"2020-03-19,80"
"2020-03-19,80"
"2020-03-19,70"
"2020-03-19,80"
"2020-03-19,80"
"2020-03-19,80"
"2020-03-19,80"
"2020-03-19,80"
"2020-03-19,80"
"2020-03-19,90"
"2020-03-19,80"
"2020-03-19,80"
"2020-03-19,90"
"2020-03-20,90"
"2020-03-20,80"
"2020-03-20,80"
"2020-03-20,80"
"2020-03-20,80"
"2020-03-20,80"
"2020-03-20,80"
"2020-03-20,80"
"2020-03-20,80"
"2020-03-20,80"
"2020-03-20,80"
"2020-03-20,80"
"2020-03-20,80"
"2020-03-20,80"
"2020-03-20,80"
"2020-03-20,80"
"2020-03-20,80"
"2020-03-20,80"
"2020-03-20,80"
"2020-03-20,80"
"2020-03-20,70"
"2020-03-20,70"
"2020-03-20,70"
"2020-03-20,70"
"2020-03-20,70"
"2020-03-20,70"
